2026-10-09 11:06:31,699 INFO o.a.j.u.JMeterUtils: Setting Locale to en_EN
2026-10-09 11:06:31,715 INFO o.a.j.JMeter: Loading user properties from: C:\meter\bin\user.properties
2026-10-09 11:06:31,717 INFO o.a.j.JMeter: Loading system properties from: C:\meter\bin\system.properties
2026-10-09 11:06:31,717 INFO o.a.j.JMeter: Setting JMeter property: host=192.168.86.33
2026-10-09 11:06:31,720 INFO o.a.j.JMeter: Copyright (c) 1998-2024 The Apache Software Foundation
2026-10-09 11:06:31,720 INFO o.a.j.JMeter: Version 5.6.3
2026-10-09 11:06:31,720 INFO o.a.j.JMeter: java.version=1.8.0_431
2026-10-09 11:06:31,720 INFO o.a.j.JMeter: java.vm.name=Java HotSpot(TM) Client VM
2026-10-09 11:06:31,720 INFO o.a.j.JMeter: os.name=Windows 11
2026-10-09 11:06:31,720 INFO o.a.j.JMeter: os.arch=x86
2026-10-09 11:06:31,733 INFO o.a.j.JMeter: os.version=10.0
2026-10-09 11:06:31,733 INFO o.a.j.JMeter: file.encoding=Cp1252
2026-10-09 11:06:31,733 INFO o.a.j.JMeter: java.awt.headless=true
2026-10-09 11:06:31,733 INFO o.a.j.JMeter: Max memory     =1073741824
2026-10-09 11:06:31,733 INFO o.a.j.JMeter: Available Processors =16
2026-10-09 11:06:31,739 INFO o.a.j.JMeter: Default Locale=English (EN)
2026-10-09 11:06:31,739 INFO o.a.j.JMeter: JMeter  Locale=English (EN)
2026-10-09 11:06:31,739 INFO o.a.j.JMeter: JMeterHome=C:\meter
2026-10-09 11:06:31,740 INFO o.a.j.JMeter: user.dir  =C:\Projects\ICT3113-A1-Team8
2026-10-09 11:06:31,740 INFO o.a.j.JMeter: PWD       =C:\Projects\ICT3113-A1-Team8
2026-10-09 11:06:31,754 INFO o.a.j.JMeter: IP: 192.168.86.25 Name: Samuel-Laptop FullName: Samuel-Laptop.lan
2026-10-09 11:06:31,770 INFO o.a.j.s.FileServer: Default base='C:\Projects\ICT3113-A1-Team8'
2026-10-09 11:06:31,772 INFO o.a.j.s.FileServer: Set new base='C:\Projects\ICT3113-A1-Team8\results\stress\gemma3_1b'
2026-10-09 11:06:31,906 INFO o.a.j.s.SaveService: Testplan (JMX) version: 2.2. Testlog (JTL) version: 2.2
2026-10-09 11:06:31,925 INFO o.a.j.s.SaveService: Using SaveService properties file encoding UTF-8
2026-10-09 11:06:31,930 INFO o.a.j.s.SaveService: Using SaveService properties version 5.0
2026-10-09 11:06:31,936 INFO o.a.j.s.SaveService: Loading file: C:\Projects\ICT3113-A1-Team8\results\stress\gemma3_1b\stress.jmx
2026-10-09 11:06:32,003 INFO o.a.j.p.h.s.HTTPSamplerBase: Parser for text/html is org.apache.jmeter.protocol.http.parser.LagartoBasedHtmlParser
2026-10-09 11:06:32,003 INFO o.a.j.p.h.s.HTTPSamplerBase: Parser for application/xhtml+xml is org.apache.jmeter.protocol.http.parser.LagartoBasedHtmlParser
2026-10-09 11:06:32,003 INFO o.a.j.p.h.s.HTTPSamplerBase: Parser for application/xml is org.apache.jmeter.protocol.http.parser.LagartoBasedHtmlParser
2026-10-09 11:06:32,003 INFO o.a.j.p.h.s.HTTPSamplerBase: Parser for text/xml is org.apache.jmeter.protocol.http.parser.LagartoBasedHtmlParser
2026-10-09 11:06:32,003 INFO o.a.j.p.h.s.HTTPSamplerBase: Parser for text/vnd.wap.wml is org.apache.jmeter.protocol.http.parser.RegexpHTMLParser
2026-10-09 11:06:32,003 INFO o.a.j.p.h.s.HTTPSamplerBase: Parser for text/css is org.apache.jmeter.protocol.http.parser.CssParser
2026-10-09 11:06:32,201 INFO o.a.j.JMeter: Creating summariser <summary>
2026-10-09 11:06:32,214 INFO o.a.j.e.StandardJMeterEngine: Running the test!
2026-10-09 11:06:32,215 INFO o.a.j.s.SampleEvent: List of sample_variables: []
2026-10-09 11:06:32,215 INFO o.a.j.s.SampleEvent: List of sample_variables: []
2026-10-09 11:06:32,222 INFO o.a.j.e.u.CompoundVariable: Note: Function class names must contain the string: '.functions.'
2026-10-09 11:06:32,222 INFO o.a.j.e.u.CompoundVariable: Note: Function class names must not contain the string: '.gui.'
2026-10-09 11:06:32,449 INFO o.a.j.JMeter: Running test (1791515192449)
2026-10-09 11:06:32,493 INFO o.a.j.e.StandardJMeterEngine: Starting ThreadGroup: 1 : Ticket intake
2026-10-09 11:06:32,493 INFO o.a.j.e.StandardJMeterEngine: Starting 0 threads for group Ticket intake.
2026-10-09 11:06:32,493 INFO o.a.j.e.StandardJMeterEngine: Thread will continue on error
2026-10-09 11:06:32,494 INFO o.a.j.t.o.OpenModelThreadGroup: Starting OpenModelThreadGroup#1 with schedule rate(6/min) random_arrivals(15 min) rate(48/min) pause(4 min)
2026-10-09 11:06:32,532 INFO o.a.j.e.StandardJMeterEngine: All thread groups have been started
2026-10-09 11:06:32,532 INFO o.a.j.t.o.OpenModelThreadGroup: Thread starting init
2026-10-09 11:06:32,532 INFO o.a.j.t.o.PoissonArrivalsRamp: Generating 405 events, beginRate = 0.1 / sec, endRate = 0.8 / sec, duration = 900.0 sec
2026-10-09 11:06:39,339 INFO o.a.j.t.JMeterThread: Thread started: Ticket intake 1-1
2026-10-09 11:06:39,340 INFO o.a.j.s.FileServer: Stored: stress.data.txt
2026-10-09 11:06:39,362 INFO o.a.j.p.h.s.HTTPHCAbstractImpl: Local host = Samuel-Laptop
2026-10-09 11:06:39,367 INFO o.a.j.p.h.s.HTTPHC4Impl: HTTP request retry count = 0
2026-10-09 11:06:39,368 INFO o.a.j.s.SampleResult: Note: Sample TimeStamps are START times
2026-10-09 11:06:39,368 INFO o.a.j.s.SampleResult: sampleresult.default.encoding is set to UTF-8
2026-10-09 11:06:39,368 INFO o.a.j.s.SampleResult: sampleresult.useNanoTime=true
2026-10-09 11:06:39,368 INFO o.a.j.s.SampleResult: sampleresult.nanoThreadSleep=5000
2026-10-09 11:06:41,965 INFO o.a.j.t.JMeterThread: Thread is done: Ticket intake 1-1
2026-10-09 11:06:41,965 INFO o.a.j.t.JMeterThread: Thread finished: Ticket intake 1-1
2026-10-09 11:06:50,087 INFO o.a.j.t.JMeterThread: Thread started: Ticket intake 1-2
2026-10-09 11:06:52,726 INFO o.a.j.t.JMeterThread: Thread is done: Ticket intake 1-2
2026-10-09 11:06:52,726 INFO o.a.j.t.JMeterThread: Thread finished: Ticket intake 1-2
2026-10-09 11:06:55,263 INFO o.a.j.t.JMeterThread: Thread started: Ticket intake 1-3
2026-10-09 11:06:55,609 INFO o.a.j.t.JMeterThread: Thread started: Ticket intake 1-4
2026-10-09 11:06:56,838 INFO o.a.j.t.JMeterThread: Thread is done: Ticket intake 1-3
2026-10-09 11:06:56,838 INFO o.a.j.t.JMeterThread: Thread finished: Ticket intake 1-3
2026-10-09 11:06:58,080 INFO o.a.j.t.JMeterThread: Thread is done: Ticket intake 1-4
2026-10-09 11:06:58,080 INFO o.a.j.t.JMeterThread: Thread finished: Ticket intake 1-4
2026-10-09 11:07:21,129 INFO o.a.j.t.JMeterThread: Thread started: Ticket intake 1-5
2026-10-09 11:07:22,143 INFO o.a.j.t.JMeterThread: Thread is done: Ticket intake 1-5
2026-10-09 11:07:22,144 INFO o.a.j.t.JMeterThread: Thread finished: Ticket intake 1-5
2026-10-09 11:07:23,606 INFO o.a.j.t.JMeterThread: Thread started: Ticket intake 1-6
2026-10-09 11:07:25,117 INFO o.a.j.t.JMeterThread: Thread is done: Ticket intake 1-6
2026-10-09 11:07:25,117 INFO o.a.j.t.JMeterThread: Thread finished: Ticket intake 1-6
2026-10-09 11:07:38,125 INFO o.a.j.t.JMeterThread: Thread started: Ticket intake 1-7
2026-10-09 11:07:39,393 INFO o.a.j.t.JMeterThread: Thread started: Ticket intake 1-8
2026-10-09 11:07:39,606 INFO o.a.j.t.JMeterThread: Thread is done: Ticket intake 1-7
2026-10-09 11:07:39,606 INFO o.a.j.t.JMeterThread: Thread finished: Ticket intake 1-7
2026-10-09 11:07:41,820 INFO o.a.j.t.JMeterThread: Thread is done: Ticket intake 1-8
2026-10-09 11:07:41,820 INFO o.a.j.t.JMeterThread: Thread finished: Ticket intake 1-8
2026-10-09 11:07:48,058 INFO o.a.j.t.JMeterThread: Thread started: Ticket intake 1-9
2026-10-09 11:07:50,185 INFO o.a.j.t.JMeterThread: Thread is done: Ticket intake 1-9
2026-10-09 11:07:50,185 INFO o.a.j.t.JMeterThread: Thread finished: Ticket intake 1-9
2026-10-09 11:07:51,718 INFO o.a.j.t.JMeterThread: Thread started: Ticket intake 1-10
2026-10-09 11:07:52,789 INFO o.a.j.t.JMeterThread: Thread started: Ticket intake 1-11
2026-10-09 11:07:53,212 INFO o.a.j.t.JMeterThread: Thread is done: Ticket intake 1-10
2026-10-09 11:07:53,212 INFO o.a.j.t.JMeterThread: Thread finished: Ticket intake 1-10
2026-10-09 11:07:54,489 INFO o.a.j.t.JMeterThread: Thread is done: Ticket intake 1-11
2026-10-09 11:07:54,489 INFO o.a.j.t.JMeterThread: Thread finished: Ticket intake 1-11
2026-10-09 11:08:04,904 INFO o.a.j.t.JMeterThread: Thread started: Ticket intake 1-12
2026-10-09 11:08:05,312 INFO o.a.j.t.JMeterThread: Thread started: Ticket intake 1-13
2026-10-09 11:08:06,844 INFO o.a.j.t.JMeterThread: Thread is done: Ticket intake 1-12
2026-10-09 11:08:06,844 INFO o.a.j.t.JMeterThread: Thread finished: Ticket intake 1-12
2026-10-09 11:08:08,179 INFO o.a.j.t.JMeterThread: Thread is done: Ticket intake 1-13
2026-10-09 11:08:08,179 INFO o.a.j.t.JMeterThread: Thread finished: Ticket intake 1-13
2026-10-09 11:08:17,198 INFO o.a.j.t.JMeterThread: Thread started: Ticket intake 1-14
2026-10-09 11:08:17,715 INFO o.a.j.t.JMeterThread: Thread started: Ticket intake 1-15
2026-10-09 11:08:19,137 INFO o.a.j.t.JMeterThread: Thread is done: Ticket intake 1-14
2026-10-09 11:08:19,137 INFO o.a.j.t.JMeterThread: Thread finished: Ticket intake 1-14
2026-10-09 11:08:20,562 INFO o.a.j.t.JMeterThread: Thread started: Ticket intake 1-16
2026-10-09 11:08:20,707 INFO o.a.j.t.JMeterThread: Thread is done: Ticket intake 1-15
2026-10-09 11:08:20,708 INFO o.a.j.t.JMeterThread: Thread finished: Ticket intake 1-15
2026-10-09 11:08:21,807 INFO o.a.j.t.JMeterThread: Thread is done: Ticket intake 1-16
2026-10-09 11:08:21,807 INFO o.a.j.t.JMeterThread: Thread finished: Ticket intake 1-16
2026-10-09 11:08:29,666 INFO o.a.j.t.JMeterThread: Thread started: Ticket intake 1-17
2026-10-09 11:08:30,947 INFO o.a.j.r.Summariser: summary +     17 in 00:01:58 =    0.1/s Avg:  1955 Min:  1014 Max:  2990 Err:     0 (0.00%) Active: 1 Started: 17 Finished: 16
2026-10-09 11:08:30,948 INFO o.a.j.t.JMeterThread: Thread is done: Ticket intake 1-17
2026-10-09 11:08:30,948 INFO o.a.j.t.JMeterThread: Thread finished: Ticket intake 1-17
2026-10-09 11:08:43,169 INFO o.a.j.t.JMeterThread: Thread started: Ticket intake 1-18
2026-10-09 11:08:44,404 INFO o.a.j.t.JMeterThread: Thread is done: Ticket intake 1-18
2026-10-09 11:08:44,404 INFO o.a.j.t.JMeterThread: Thread finished: Ticket intake 1-18
2026-10-09 11:08:47,773 INFO o.a.j.t.JMeterThread: Thread started: Ticket intake 1-19
2026-10-09 11:08:49,753 INFO o.a.j.t.JMeterThread: Thread is done: Ticket intake 1-19
2026-10-09 11:08:49,753 INFO o.a.j.t.JMeterThread: Thread finished: Ticket intake 1-19
2026-10-09 11:08:52,832 INFO o.a.j.t.JMeterThread: Thread started: Ticket intake 1-20
2026-10-09 11:08:54,163 INFO o.a.j.t.JMeterThread: Thread is done: Ticket intake 1-20
2026-10-09 11:08:54,163 INFO o.a.j.t.JMeterThread: Thread finished: Ticket intake 1-20
2026-10-09 11:08:56,918 INFO o.a.j.t.JMeterThread: Thread started: Ticket intake 1-21
2026-10-09 11:08:59,373 INFO o.a.j.t.JMeterThread: Thread started: Ticket intake 1-22
2026-10-09 11:09:00,212 INFO o.a.j.r.Summariser: summary +      4 in 00:00:29 =    0.1/s Avg:  1960 Min:  1239 Max:  3292 Err:     0 (0.00%) Active: 2 Started: 22 Finished: 20
2026-10-09 11:09:00,213 INFO o.a.j.r.Summariser: summary =     21 in 00:02:28 =    0.1/s Avg:  1955 Min:  1014 Max:  3292 Err:     0 (0.00%)
2026-10-09 11:09:00,213 INFO o.a.j.t.JMeterThread: Thread is done: Ticket intake 1-21
2026-10-09 11:09:00,213 INFO o.a.j.t.JMeterThread: Thread finished: Ticket intake 1-21
2026-10-09 11:09:03,116 INFO o.a.j.t.JMeterThread: Thread is done: Ticket intake 1-22
2026-10-09 11:09:03,116 INFO o.a.j.t.JMeterThread: Thread finished: Ticket intake 1-22
2026-10-09 11:09:06,186 INFO o.a.j.t.JMeterThread: Thread started: Ticket intake 1-23
2026-10-09 11:09:07,909 INFO o.a.j.t.JMeterThread: Thread is done: Ticket intake 1-23
2026-10-09 11:09:07,909 INFO o.a.j.t.JMeterThread: Thread finished: Ticket intake 1-23
2026-10-09 11:09:16,063 INFO o.a.j.t.JMeterThread: Thread started: Ticket intake 1-24
2026-10-09 11:09:18,010 INFO o.a.j.t.JMeterThread: Thread is done: Ticket intake 1-24
2026-10-09 11:09:18,010 INFO o.a.j.t.JMeterThread: Thread finished: Ticket intake 1-24
2026-10-09 11:09:32,616 INFO o.a.j.t.JMeterThread: Thread started: Ticket intake 1-25
2026-10-09 11:09:34,537 INFO o.a.j.r.Summariser: summary +      4 in 00:00:34 =    0.1/s Avg:  2332 Min:  1723 Max:  3742 Err:     0 (0.00%) Active: 1 Started: 25 Finished: 24
2026-10-09 11:09:34,537 INFO o.a.j.r.Summariser: summary =     25 in 00:03:02 =    0.1/s Avg:  2016 Min:  1014 Max:  3742 Err:     0 (0.00%)
2026-10-09 11:09:34,538 INFO o.a.j.t.JMeterThread: Thread is done: Ticket intake 1-25
2026-10-09 11:09:34,538 INFO o.a.j.t.JMeterThread: Thread finished: Ticket intake 1-25
2026-10-09 11:09:35,658 INFO o.a.j.t.JMeterThread: Thread started: Ticket intake 1-26
2026-10-09 11:09:36,670 INFO o.a.j.t.JMeterThread: Thread started: Ticket intake 1-27
2026-10-09 11:09:37,241 INFO o.a.j.t.JMeterThread: Thread is done: Ticket intake 1-26
2026-10-09 11:09:37,241 INFO o.a.j.t.JMeterThread: Thread finished: Ticket intake 1-26
2026-10-09 11:09:39,302 INFO o.a.j.t.JMeterThread: Thread is done: Ticket intake 1-27
2026-10-09 11:09:39,303 INFO o.a.j.t.JMeterThread: Thread finished: Ticket intake 1-27
2026-10-09 11:09:54,366 INFO o.a.j.t.JMeterThread: Thread started: Ticket intake 1-28
2026-10-09 11:09:55,565 INFO o.a.j.t.JMeterThread: Thread started: Ticket intake 1-29
2026-10-09 11:09:56,505 INFO o.a.j.t.JMeterThread: Thread is done: Ticket intake 1-28
2026-10-09 11:09:56,505 INFO o.a.j.t.JMeterThread: Thread finished: Ticket intake 1-28
2026-10-09 11:09:58,467 INFO o.a.j.t.JMeterThread: Thread is done: Ticket intake 1-29
2026-10-09 11:09:58,467 INFO o.a.j.t.JMeterThread: Thread finished: Ticket intake 1-29
2026-10-09 11:10:00,811 INFO o.a.j.t.JMeterThread: Thread started: Ticket intake 1-30
2026-10-09 11:10:02,053 INFO o.a.j.r.Summariser: summary +      5 in 00:00:28 =    0.2/s Avg:  2098 Min:  1241 Max:  2900 Err:     0 (0.00%) Active: 1 Started: 30 Finished: 29
2026-10-09 11:10:02,053 INFO o.a.j.r.Summariser: summary =     30 in 00:03:30 =    0.1/s Avg:  2029 Min:  1014 Max:  3742 Err:     0 (0.00%)
2026-10-09 11:10:02,055 INFO o.a.j.t.JMeterThread: Thread is done: Ticket intake 1-30
2026-10-09 11:10:02,055 INFO o.a.j.t.JMeterThread: Thread finished: Ticket intake 1-30
2026-10-09 11:10:02,379 INFO o.a.j.t.JMeterThread: Thread started: Ticket intake 1-31
2026-10-09 11:10:04,400 INFO o.a.j.t.JMeterThread: Thread is done: Ticket intake 1-31
2026-10-09 11:10:04,400 INFO o.a.j.t.JMeterThread: Thread finished: Ticket intake 1-31
2026-10-09 11:10:08,502 INFO o.a.j.t.JMeterThread: Thread started: Ticket intake 1-32
2026-10-09 11:10:09,574 INFO o.a.j.t.JMeterThread: Thread is done: Ticket intake 1-32
2026-10-09 11:10:09,574 INFO o.a.j.t.JMeterThread: Thread finished: Ticket intake 1-32
2026-10-09 11:10:12,394 INFO o.a.j.t.JMeterThread: Thread started: Ticket intake 1-33
2026-10-09 11:10:12,628 INFO o.a.j.t.JMeterThread: Thread started: Ticket intake 1-34
2026-10-09 11:10:12,784 INFO o.a.j.t.JMeterThread: Thread started: Ticket intake 1-35
2026-10-09 11:10:15,070 INFO o.a.j.t.JMeterThread: Thread is done: Ticket intake 1-33
2026-10-09 11:10:15,071 INFO o.a.j.t.JMeterThread: Thread finished: Ticket intake 1-33
2026-10-09 11:10:16,477 INFO o.a.j.t.JMeterThread: Thread is done: Ticket intake 1-34
2026-10-09 11:10:16,477 INFO o.a.j.t.JMeterThread: Thread finished: Ticket intake 1-34
2026-10-09 11:10:17,079 INFO o.a.j.t.JMeterThread: Thread started: Ticket intake 1-36
2026-10-09 11:10:18,793 INFO o.a.j.t.JMeterThread: Thread is done: Ticket intake 1-35
2026-10-09 11:10:18,793 INFO o.a.j.t.JMeterThread: Thread finished: Ticket intake 1-35
2026-10-09 11:10:20,959 INFO o.a.j.t.JMeterThread: Thread is done: Ticket intake 1-36
2026-10-09 11:10:20,959 INFO o.a.j.t.JMeterThread: Thread finished: Ticket intake 1-36
2026-10-09 11:10:21,232 INFO o.a.j.t.JMeterThread: Thread started: Ticket intake 1-37
2026-10-09 11:10:22,671 INFO o.a.j.t.JMeterThread: Thread is done: Ticket intake 1-37
2026-10-09 11:10:22,671 INFO o.a.j.t.JMeterThread: Thread finished: Ticket intake 1-37
2026-10-09 11:10:26,108 INFO o.a.j.t.JMeterThread: Thread started: Ticket intake 1-38
2026-10-09 11:10:27,496 INFO o.a.j.t.JMeterThread: Thread is done: Ticket intake 1-38
2026-10-09 11:10:27,497 INFO o.a.j.t.JMeterThread: Thread finished: Ticket intake 1-38
2026-10-09 11:10:34,788 INFO o.a.j.t.JMeterThread: Thread started: Ticket intake 1-39
2026-10-09 11:10:36,533 INFO o.a.j.t.JMeterThread: Thread is done: Ticket intake 1-39
2026-10-09 11:10:36,533 INFO o.a.j.t.JMeterThread: Thread finished: Ticket intake 1-39
2026-10-09 11:10:43,695 INFO o.a.j.t.JMeterThread: Thread started: Ticket intake 1-40
2026-10-09 11:10:47,203 INFO o.a.j.t.JMeterThread: Thread is done: Ticket intake 1-40
2026-10-09 11:10:47,204 INFO o.a.j.t.JMeterThread: Thread finished: Ticket intake 1-40
2026-10-09 11:10:47,709 INFO o.a.j.t.JMeterThread: Thread started: Ticket intake 1-41
2026-10-09 11:10:48,622 INFO o.a.j.t.JMeterThread: Thread started: Ticket intake 1-42
2026-10-09 11:10:49,754 INFO o.a.j.t.JMeterThread: Thread started: Ticket intake 1-43
2026-10-09 11:10:50,359 INFO o.a.j.t.JMeterThread: Thread started: Ticket intake 1-44
2026-10-09 11:10:50,734 INFO o.a.j.t.JMeterThread: Thread started: Ticket intake 1-45
2026-10-09 11:10:50,999 INFO o.a.j.t.JMeterThread: Thread is done: Ticket intake 1-41
2026-10-09 11:10:50,999 INFO o.a.j.t.JMeterThread: Thread finished: Ticket intake 1-41
2026-10-09 11:10:52,208 INFO o.a.j.t.JMeterThread: Thread is done: Ticket intake 1-42
2026-10-09 11:10:52,208 INFO o.a.j.t.JMeterThread: Thread finished: Ticket intake 1-42
2026-10-09 11:10:53,221 INFO o.a.j.t.JMeterThread: Thread is done: Ticket intake 1-43
2026-10-09 11:10:53,221 INFO o.a.j.t.JMeterThread: Thread finished: Ticket intake 1-43
2026-10-09 11:10:53,940 INFO o.a.j.t.JMeterThread: Thread started: Ticket intake 1-46
2026-10-09 11:10:54,663 INFO o.a.j.t.JMeterThread: Thread is done: Ticket intake 1-44
2026-10-09 11:10:54,663 INFO o.a.j.t.JMeterThread: Thread finished: Ticket intake 1-44
2026-10-09 11:10:56,448 INFO o.a.j.t.JMeterThread: Thread is done: Ticket intake 1-45
2026-10-09 11:10:56,449 INFO o.a.j.t.JMeterThread: Thread finished: Ticket intake 1-45
2026-10-09 11:10:57,536 INFO o.a.j.t.JMeterThread: Thread is done: Ticket intake 1-46
2026-10-09 11:10:57,537 INFO o.a.j.t.JMeterThread: Thread finished: Ticket intake 1-46
2026-10-09 11:11:00,644 INFO o.a.j.t.JMeterThread: Thread started: Ticket intake 1-47
2026-10-09 11:11:02,226 INFO o.a.j.r.Summariser: summary +     17 in 00:01:00 =    0.3/s Avg:  3123 Min:  1071 Max:  6007 Err:     0 (0.00%) Active: 1 Started: 47 Finished: 46
2026-10-09 11:11:02,227 INFO o.a.j.r.Summariser: summary =     47 in 00:04:30 =    0.2/s Avg:  2425 Min:  1014 Max:  6007 Err:     0 (0.00%)
2026-10-09 11:11:02,227 INFO o.a.j.t.JMeterThread: Thread is done: Ticket intake 1-47
2026-10-09 11:11:02,227 INFO o.a.j.t.JMeterThread: Thread finished: Ticket intake 1-47
2026-10-09 11:11:03,908 INFO o.a.j.t.JMeterThread: Thread started: Ticket intake 1-48
2026-10-09 11:11:03,955 INFO o.a.j.t.JMeterThread: Thread started: Ticket intake 1-49
2026-10-09 11:11:04,848 INFO o.a.j.t.JMeterThread: Thread started: Ticket intake 1-50
2026-10-09 11:11:05,151 INFO o.a.j.t.JMeterThread: Thread is done: Ticket intake 1-48
2026-10-09 11:11:05,151 INFO o.a.j.t.JMeterThread: Thread finished: Ticket intake 1-48
2026-10-09 11:11:07,392 INFO o.a.j.t.JMeterThread: Thread started: Ticket intake 1-51
2026-10-09 11:11:08,037 INFO o.a.j.t.JMeterThread: Thread is done: Ticket intake 1-49
2026-10-09 11:11:08,037 INFO o.a.j.t.JMeterThread: Thread finished: Ticket intake 1-49
2026-10-09 11:11:09,970 INFO o.a.j.t.JMeterThread: Thread is done: Ticket intake 1-50
2026-10-09 11:11:09,970 INFO o.a.j.t.JMeterThread: Thread finished: Ticket intake 1-50
2026-10-09 11:11:11,265 INFO o.a.j.t.JMeterThread: Thread is done: Ticket intake 1-51
2026-10-09 11:11:11,265 INFO o.a.j.t.JMeterThread: Thread finished: Ticket intake 1-51
2026-10-09 11:11:15,960 INFO o.a.j.t.JMeterThread: Thread started: Ticket intake 1-52
2026-10-09 11:11:16,921 INFO o.a.j.t.JMeterThread: Thread started: Ticket intake 1-53
2026-10-09 11:11:18,656 INFO o.a.j.t.JMeterThread: Thread is done: Ticket intake 1-52
2026-10-09 11:11:18,656 INFO o.a.j.t.JMeterThread: Thread finished: Ticket intake 1-52
2026-10-09 11:11:19,806 INFO o.a.j.t.JMeterThread: Thread started: Ticket intake 1-54
2026-10-09 11:11:21,464 INFO o.a.j.t.JMeterThread: Thread is done: Ticket intake 1-53
2026-10-09 11:11:21,464 INFO o.a.j.t.JMeterThread: Thread finished: Ticket intake 1-53
2026-10-09 11:11:22,902 INFO o.a.j.t.JMeterThread: Thread is done: Ticket intake 1-54
2026-10-09 11:11:22,902 INFO o.a.j.t.JMeterThread: Thread finished: Ticket intake 1-54
2026-10-09 11:11:23,653 INFO o.a.j.t.JMeterThread: Thread started: Ticket intake 1-55
2026-10-09 11:11:23,658 INFO o.a.j.t.JMeterThread: Thread started: Ticket intake 1-56
2026-10-09 11:11:25,924 INFO o.a.j.t.JMeterThread: Thread is done: Ticket intake 1-55
2026-10-09 11:11:25,924 INFO o.a.j.t.JMeterThread: Thread finished: Ticket intake 1-55
2026-10-09 11:11:27,207 INFO o.a.j.t.JMeterThread: Thread is done: Ticket intake 1-56
2026-10-09 11:11:27,207 INFO o.a.j.t.JMeterThread: Thread finished: Ticket intake 1-56
2026-10-09 11:11:28,190 INFO o.a.j.t.JMeterThread: Thread started: Ticket intake 1-57
2026-10-09 11:11:29,442 INFO o.a.j.t.JMeterThread: Thread is done: Ticket intake 1-57
2026-10-09 11:11:29,442 INFO o.a.j.t.JMeterThread: Thread finished: Ticket intake 1-57
2026-10-09 11:11:33,353 INFO o.a.j.t.JMeterThread: Thread started: Ticket intake 1-58
2026-10-09 11:11:34,527 INFO o.a.j.r.Summariser: summary +     11 in 00:00:32 =    0.3/s Avg:  2991 Min:  1171 Max:  5120 Err:     0 (0.00%) Active: 1 Started: 58 Finished: 57
2026-10-09 11:11:34,528 INFO o.a.j.r.Summariser: summary =     58 in 00:05:02 =    0.2/s Avg:  2532 Min:  1014 Max:  6007 Err:     0 (0.00%)
2026-10-09 11:11:34,528 INFO o.a.j.t.JMeterThread: Thread is done: Ticket intake 1-58
2026-10-09 11:11:34,528 INFO o.a.j.t.JMeterThread: Thread finished: Ticket intake 1-58
2026-10-09 11:11:50,632 INFO o.a.j.t.JMeterThread: Thread started: Ticket intake 1-59
2026-10-09 11:11:52,209 INFO o.a.j.t.JMeterThread: Thread started: Ticket intake 1-60
2026-10-09 11:11:52,868 INFO o.a.j.t.JMeterThread: Thread started: Ticket intake 1-61
2026-10-09 11:11:53,614 INFO o.a.j.t.JMeterThread: Thread started: Ticket intake 1-62
2026-10-09 11:11:53,695 INFO o.a.j.t.JMeterThread: Thread is done: Ticket intake 1-59
2026-10-09 11:11:53,695 INFO o.a.j.t.JMeterThread: Thread finished: Ticket intake 1-59
2026-10-09 11:11:54,629 INFO o.a.j.t.JMeterThread: Thread started: Ticket intake 1-63
2026-10-09 11:11:55,041 INFO o.a.j.t.JMeterThread: Thread is done: Ticket intake 1-60
2026-10-09 11:11:55,042 INFO o.a.j.t.JMeterThread: Thread finished: Ticket intake 1-60
2026-10-09 11:11:56,778 INFO o.a.j.t.JMeterThread: Thread is done: Ticket intake 1-61
2026-10-09 11:11:56,778 INFO o.a.j.t.JMeterThread: Thread finished: Ticket intake 1-61
2026-10-09 11:11:56,934 INFO o.a.j.t.JMeterThread: Thread started: Ticket intake 1-64
2026-10-09 11:11:58,830 INFO o.a.j.t.JMeterThread: Thread is done: Ticket intake 1-62
2026-10-09 11:11:58,830 INFO o.a.j.t.JMeterThread: Thread finished: Ticket intake 1-62
2026-10-09 11:12:00,128 INFO o.a.j.r.Summariser: summary +      5 in 00:00:26 =    0.2/s Avg:  4102 Min:  2830 Max:  5498 Err:     0 (0.00%) Active: 2 Started: 64 Finished: 62
2026-10-09 11:12:00,128 INFO o.a.j.r.Summariser: summary =     63 in 00:05:28 =    0.2/s Avg:  2657 Min:  1014 Max:  6007 Err:     0 (0.00%)
2026-10-09 11:12:00,129 INFO o.a.j.t.JMeterThread: Thread is done: Ticket intake 1-63
2026-10-09 11:12:00,129 INFO o.a.j.t.JMeterThread: Thread finished: Ticket intake 1-63
2026-10-09 11:12:01,217 INFO o.a.j.t.JMeterThread: Thread started: Ticket intake 1-65
2026-10-09 11:12:01,320 INFO o.a.j.t.JMeterThread: Thread is done: Ticket intake 1-64
2026-10-09 11:12:01,320 INFO o.a.j.t.JMeterThread: Thread finished: Ticket intake 1-64
2026-10-09 11:12:01,710 INFO o.a.j.t.JMeterThread: Thread started: Ticket intake 1-66
2026-10-09 11:12:02,920 INFO o.a.j.t.JMeterThread: Thread is done: Ticket intake 1-65
2026-10-09 11:12:02,921 INFO o.a.j.t.JMeterThread: Thread finished: Ticket intake 1-65
2026-10-09 11:12:04,148 INFO o.a.j.t.JMeterThread: Thread is done: Ticket intake 1-66
2026-10-09 11:12:04,148 INFO o.a.j.t.JMeterThread: Thread finished: Ticket intake 1-66
2026-10-09 11:12:05,152 INFO o.a.j.t.JMeterThread: Thread started: Ticket intake 1-67
2026-10-09 11:12:05,848 INFO o.a.j.t.JMeterThread: Thread started: Ticket intake 1-68
2026-10-09 11:12:06,160 INFO o.a.j.t.JMeterThread: Thread is done: Ticket intake 1-67
2026-10-09 11:12:06,160 INFO o.a.j.t.JMeterThread: Thread finished: Ticket intake 1-67
2026-10-09 11:12:08,281 INFO o.a.j.t.JMeterThread: Thread is done: Ticket intake 1-68
2026-10-09 11:12:08,281 INFO o.a.j.t.JMeterThread: Thread finished: Ticket intake 1-68
2026-10-09 11:12:11,142 INFO o.a.j.t.JMeterThread: Thread started: Ticket intake 1-69
2026-10-09 11:12:12,031 INFO o.a.j.t.JMeterThread: Thread is done: Ticket intake 1-69
2026-10-09 11:12:12,031 INFO o.a.j.t.JMeterThread: Thread finished: Ticket intake 1-69
2026-10-09 11:12:13,302 INFO o.a.j.t.JMeterThread: Thread started: Ticket intake 1-70
2026-10-09 11:12:14,608 INFO o.a.j.t.JMeterThread: Thread is done: Ticket intake 1-70
2026-10-09 11:12:14,608 INFO o.a.j.t.JMeterThread: Thread finished: Ticket intake 1-70
2026-10-09 11:12:14,641 INFO o.a.j.t.JMeterThread: Thread started: Ticket intake 1-71
2026-10-09 11:12:15,823 INFO o.a.j.t.JMeterThread: Thread is done: Ticket intake 1-71
2026-10-09 11:12:15,823 INFO o.a.j.t.JMeterThread: Thread finished: Ticket intake 1-71
2026-10-09 11:12:16,788 INFO o.a.j.t.JMeterThread: Thread started: Ticket intake 1-72
2026-10-09 11:12:16,851 INFO o.a.j.t.JMeterThread: Thread started: Ticket intake 1-73
2026-10-09 11:12:17,652 INFO o.a.j.t.JMeterThread: Thread is done: Ticket intake 1-72
2026-10-09 11:12:17,652 INFO o.a.j.t.JMeterThread: Thread finished: Ticket intake 1-72
2026-10-09 11:12:17,960 INFO o.a.j.t.JMeterThread: Thread started: Ticket intake 1-74
2026-10-09 11:12:19,027 INFO o.a.j.t.JMeterThread: Thread is done: Ticket intake 1-73
2026-10-09 11:12:19,027 INFO o.a.j.t.JMeterThread: Thread finished: Ticket intake 1-73
2026-10-09 11:12:22,345 INFO o.a.j.t.JMeterThread: Thread is done: Ticket intake 1-74
2026-10-09 11:12:22,345 INFO o.a.j.t.JMeterThread: Thread finished: Ticket intake 1-74
2026-10-09 11:12:24,105 INFO o.a.j.t.JMeterThread: Thread started: Ticket intake 1-75
2026-10-09 11:12:26,277 INFO o.a.j.t.JMeterThread: Thread is done: Ticket intake 1-75
2026-10-09 11:12:26,277 INFO o.a.j.t.JMeterThread: Thread finished: Ticket intake 1-75
2026-10-09 11:12:30,033 INFO o.a.j.t.JMeterThread: Thread started: Ticket intake 1-76
2026-10-09 11:12:30,479 INFO o.a.j.t.JMeterThread: Thread started: Ticket intake 1-77
2026-10-09 11:12:31,344 INFO o.a.j.r.Summariser: summary +     13 in 00:00:31 =    0.4/s Avg:  2019 Min:   863 Max:  4395 Err:     0 (0.00%) Active: 2 Started: 77 Finished: 75
2026-10-09 11:12:31,345 INFO o.a.j.r.Summariser: summary =     76 in 00:05:59 =    0.2/s Avg:  2548 Min:   863 Max:  6007 Err:     0 (0.00%)
2026-10-09 11:12:31,345 INFO o.a.j.t.JMeterThread: Thread is done: Ticket intake 1-76
2026-10-09 11:12:31,345 INFO o.a.j.t.JMeterThread: Thread finished: Ticket intake 1-76
2026-10-09 11:12:33,426 INFO o.a.j.t.JMeterThread: Thread is done: Ticket intake 1-77
2026-10-09 11:12:33,426 INFO o.a.j.t.JMeterThread: Thread finished: Ticket intake 1-77
2026-10-09 11:12:36,863 INFO o.a.j.t.JMeterThread: Thread started: Ticket intake 1-78
2026-10-09 11:12:37,639 INFO o.a.j.t.JMeterThread: Thread started: Ticket intake 1-79
2026-10-09 11:12:38,135 INFO o.a.j.t.JMeterThread: Thread is done: Ticket intake 1-78
2026-10-09 11:12:38,135 INFO o.a.j.t.JMeterThread: Thread finished: Ticket intake 1-78
2026-10-09 11:12:38,706 INFO o.a.j.t.JMeterThread: Thread started: Ticket intake 1-80
2026-10-09 11:12:38,975 INFO o.a.j.t.JMeterThread: Thread started: Ticket intake 1-81
2026-10-09 11:12:39,124 INFO o.a.j.t.JMeterThread: Thread started: Ticket intake 1-82
2026-10-09 11:12:39,927 INFO o.a.j.t.JMeterThread: Thread is done: Ticket intake 1-79
2026-10-09 11:12:39,927 INFO o.a.j.t.JMeterThread: Thread finished: Ticket intake 1-79
2026-10-09 11:12:41,376 INFO o.a.j.t.JMeterThread: Thread is done: Ticket intake 1-80
2026-10-09 11:12:41,376 INFO o.a.j.t.JMeterThread: Thread finished: Ticket intake 1-80
2026-10-09 11:12:43,140 INFO o.a.j.t.JMeterThread: Thread is done: Ticket intake 1-81
2026-10-09 11:12:43,140 INFO o.a.j.t.JMeterThread: Thread finished: Ticket intake 1-81
2026-10-09 11:12:43,828 INFO o.a.j.t.JMeterThread: Thread started: Ticket intake 1-83
2026-10-09 11:12:45,043 INFO o.a.j.t.JMeterThread: Thread is done: Ticket intake 1-82
2026-10-09 11:12:45,043 INFO o.a.j.t.JMeterThread: Thread finished: Ticket intake 1-82
2026-10-09 11:12:45,138 INFO o.a.j.t.JMeterThread: Thread started: Ticket intake 1-84
2026-10-09 11:12:46,799 INFO o.a.j.t.JMeterThread: Thread is done: Ticket intake 1-83
2026-10-09 11:12:46,799 INFO o.a.j.t.JMeterThread: Thread finished: Ticket intake 1-83
2026-10-09 11:12:47,976 INFO o.a.j.t.JMeterThread: Thread started: Ticket intake 1-85
2026-10-09 11:12:48,792 INFO o.a.j.t.JMeterThread: Thread is done: Ticket intake 1-84
2026-10-09 11:12:48,792 INFO o.a.j.t.JMeterThread: Thread finished: Ticket intake 1-84
2026-10-09 11:12:49,896 INFO o.a.j.t.JMeterThread: Thread is done: Ticket intake 1-85
2026-10-09 11:12:49,896 INFO o.a.j.t.JMeterThread: Thread finished: Ticket intake 1-85
2026-10-09 11:12:50,822 INFO o.a.j.t.JMeterThread: Thread started: Ticket intake 1-86
2026-10-09 11:12:53,239 INFO o.a.j.t.JMeterThread: Thread is done: Ticket intake 1-86
2026-10-09 11:12:53,239 INFO o.a.j.t.JMeterThread: Thread finished: Ticket intake 1-86
2026-10-09 11:12:56,676 INFO o.a.j.t.JMeterThread: Thread started: Ticket intake 1-87
2026-10-09 11:12:57,080 INFO o.a.j.t.JMeterThread: Thread started: Ticket intake 1-88
2026-10-09 11:12:58,163 INFO o.a.j.t.JMeterThread: Thread is done: Ticket intake 1-87
2026-10-09 11:12:58,163 INFO o.a.j.t.JMeterThread: Thread finished: Ticket intake 1-87
2026-10-09 11:12:59,060 INFO o.a.j.t.JMeterThread: Thread started: Ticket intake 1-89
2026-10-09 11:13:00,750 INFO o.a.j.r.Summariser: summary +     12 in 00:00:29 =    0.4/s Avg:  2946 Min:  1270 Max:  5918 Err:     0 (0.00%) Active: 2 Started: 89 Finished: 87
2026-10-09 11:13:00,751 INFO o.a.j.r.Summariser: summary =     88 in 00:06:28 =    0.2/s Avg:  2602 Min:   863 Max:  6007 Err:     0 (0.00%)
2026-10-09 11:13:00,751 INFO o.a.j.t.JMeterThread: Thread is done: Ticket intake 1-88
2026-10-09 11:13:00,751 INFO o.a.j.t.JMeterThread: Thread finished: Ticket intake 1-88
2026-10-09 11:13:03,223 INFO o.a.j.t.JMeterThread: Thread started: Ticket intake 1-90
2026-10-09 11:13:03,744 INFO o.a.j.t.JMeterThread: Thread is done: Ticket intake 1-89
2026-10-09 11:13:03,744 INFO o.a.j.t.JMeterThread: Thread finished: Ticket intake 1-89
2026-10-09 11:13:04,925 INFO o.a.j.t.JMeterThread: Thread is done: Ticket intake 1-90
2026-10-09 11:13:04,925 INFO o.a.j.t.JMeterThread: Thread finished: Ticket intake 1-90
2026-10-09 11:13:10,573 INFO o.a.j.t.JMeterThread: Thread started: Ticket intake 1-91
2026-10-09 11:13:11,033 INFO o.a.j.t.JMeterThread: Thread started: Ticket intake 1-92
2026-10-09 11:13:11,750 INFO o.a.j.t.JMeterThread: Thread is done: Ticket intake 1-91
2026-10-09 11:13:11,750 INFO o.a.j.t.JMeterThread: Thread finished: Ticket intake 1-91
2026-10-09 11:13:13,939 INFO o.a.j.t.JMeterThread: Thread is done: Ticket intake 1-92
2026-10-09 11:13:13,939 INFO o.a.j.t.JMeterThread: Thread finished: Ticket intake 1-92
2026-10-09 11:13:13,968 INFO o.a.j.t.JMeterThread: Thread started: Ticket intake 1-93
2026-10-09 11:13:16,926 INFO o.a.j.t.JMeterThread: Thread is done: Ticket intake 1-93
2026-10-09 11:13:16,926 INFO o.a.j.t.JMeterThread: Thread finished: Ticket intake 1-93
2026-10-09 11:13:22,405 INFO o.a.j.t.JMeterThread: Thread started: Ticket intake 1-94
2026-10-09 11:13:23,919 INFO o.a.j.t.JMeterThread: Thread started: Ticket intake 1-95
2026-10-09 11:13:24,808 INFO o.a.j.t.JMeterThread: Thread is done: Ticket intake 1-94
2026-10-09 11:13:24,808 INFO o.a.j.t.JMeterThread: Thread finished: Ticket intake 1-94
2026-10-09 11:13:26,717 INFO o.a.j.t.JMeterThread: Thread is done: Ticket intake 1-95
2026-10-09 11:13:26,717 INFO o.a.j.t.JMeterThread: Thread finished: Ticket intake 1-95
2026-10-09 11:13:29,295 INFO o.a.j.t.JMeterThread: Thread started: Ticket intake 1-96
2026-10-09 11:13:31,402 INFO o.a.j.r.Summariser: summary +      8 in 00:00:31 =    0.3/s Avg:  2591 Min:  1176 Max:  4682 Err:     0 (0.00%) Active: 1 Started: 96 Finished: 95
2026-10-09 11:13:31,402 INFO o.a.j.r.Summariser: summary =     96 in 00:06:59 =    0.2/s Avg:  2601 Min:   863 Max:  6007 Err:     0 (0.00%)
2026-10-09 11:13:31,403 INFO o.a.j.t.JMeterThread: Thread is done: Ticket intake 1-96
2026-10-09 11:13:31,403 INFO o.a.j.t.JMeterThread: Thread finished: Ticket intake 1-96
2026-10-09 11:13:34,633 INFO o.a.j.t.JMeterThread: Thread started: Ticket intake 1-97
2026-10-09 11:13:35,666 INFO o.a.j.t.JMeterThread: Thread started: Ticket intake 1-98
2026-10-09 11:13:36,198 INFO o.a.j.t.JMeterThread: Thread is done: Ticket intake 1-97
2026-10-09 11:13:36,198 INFO o.a.j.t.JMeterThread: Thread finished: Ticket intake 1-97
2026-10-09 11:13:37,473 INFO o.a.j.t.JMeterThread: Thread started: Ticket intake 1-99
2026-10-09 11:13:38,343 INFO o.a.j.t.JMeterThread: Thread is done: Ticket intake 1-98
2026-10-09 11:13:38,343 INFO o.a.j.t.JMeterThread: Thread finished: Ticket intake 1-98
2026-10-09 11:13:39,045 INFO o.a.j.t.JMeterThread: Thread started: Ticket intake 1-100
2026-10-09 11:13:40,786 INFO o.a.j.t.JMeterThread: Thread is done: Ticket intake 1-99
2026-10-09 11:13:40,786 INFO o.a.j.t.JMeterThread: Thread finished: Ticket intake 1-99
2026-10-09 11:13:41,963 INFO o.a.j.t.JMeterThread: Thread is done: Ticket intake 1-100
2026-10-09 11:13:41,963 INFO o.a.j.t.JMeterThread: Thread finished: Ticket intake 1-100
2026-10-09 11:13:42,371 INFO o.a.j.t.JMeterThread: Thread started: Ticket intake 1-101
2026-10-09 11:13:44,161 INFO o.a.j.t.JMeterThread: Thread started: Ticket intake 1-102
2026-10-09 11:13:44,980 INFO o.a.j.t.JMeterThread: Thread is done: Ticket intake 1-101
2026-10-09 11:13:44,980 INFO o.a.j.t.JMeterThread: Thread finished: Ticket intake 1-101
2026-10-09 11:13:45,394 INFO o.a.j.t.JMeterThread: Thread started: Ticket intake 1-103
2026-10-09 11:13:45,592 INFO o.a.j.t.JMeterThread: Thread started: Ticket intake 1-104
2026-10-09 11:13:46,275 INFO o.a.j.t.JMeterThread: Thread is done: Ticket intake 1-102
2026-10-09 11:13:46,275 INFO o.a.j.t.JMeterThread: Thread finished: Ticket intake 1-102
2026-10-09 11:13:46,301 INFO o.a.j.t.JMeterThread: Thread started: Ticket intake 1-105
2026-10-09 11:13:47,467 INFO o.a.j.t.JMeterThread: Thread is done: Ticket intake 1-103
2026-10-09 11:13:47,467 INFO o.a.j.t.JMeterThread: Thread finished: Ticket intake 1-103
2026-10-09 11:13:48,679 INFO o.a.j.t.JMeterThread: Thread is done: Ticket intake 1-104
2026-10-09 11:13:48,679 INFO o.a.j.t.JMeterThread: Thread finished: Ticket intake 1-104
2026-10-09 11:13:50,412 INFO o.a.j.t.JMeterThread: Thread is done: Ticket intake 1-105
2026-10-09 11:13:50,412 INFO o.a.j.t.JMeterThread: Thread finished: Ticket intake 1-105
2026-10-09 11:13:52,598 INFO o.a.j.t.JMeterThread: Thread started: Ticket intake 1-106
2026-10-09 11:13:53,504 INFO o.a.j.t.JMeterThread: Thread started: Ticket intake 1-107
2026-10-09 11:13:54,177 INFO o.a.j.t.JMeterThread: Thread is done: Ticket intake 1-106
2026-10-09 11:13:54,177 INFO o.a.j.t.JMeterThread: Thread finished: Ticket intake 1-106
2026-10-09 11:13:55,469 INFO o.a.j.t.JMeterThread: Thread is done: Ticket intake 1-107
2026-10-09 11:13:55,469 INFO o.a.j.t.JMeterThread: Thread finished: Ticket intake 1-107
2026-10-09 11:13:57,012 INFO o.a.j.t.JMeterThread: Thread started: Ticket intake 1-108
2026-10-09 11:13:58,078 INFO o.a.j.t.JMeterThread: Thread is done: Ticket intake 1-108
2026-10-09 11:13:58,078 INFO o.a.j.t.JMeterThread: Thread finished: Ticket intake 1-108
2026-10-09 11:14:01,426 INFO o.a.j.t.JMeterThread: Thread started: Ticket intake 1-109
2026-10-09 11:14:03,258 INFO o.a.j.r.Summariser: summary +     13 in 00:00:32 =    0.4/s Avg:  2377 Min:  1065 Max:  4109 Err:     0 (0.00%) Active: 1 Started: 109 Finished: 108
2026-10-09 11:14:03,259 INFO o.a.j.r.Summariser: summary =    109 in 00:07:31 =    0.2/s Avg:  2574 Min:   863 Max:  6007 Err:     0 (0.00%)
2026-10-09 11:14:03,259 INFO o.a.j.t.JMeterThread: Thread is done: Ticket intake 1-109
2026-10-09 11:14:03,259 INFO o.a.j.t.JMeterThread: Thread finished: Ticket intake 1-109
2026-10-09 11:14:04,329 INFO o.a.j.t.JMeterThread: Thread started: Ticket intake 1-110
2026-10-09 11:14:05,558 INFO o.a.j.t.JMeterThread: Thread is done: Ticket intake 1-110
2026-10-09 11:14:05,558 INFO o.a.j.t.JMeterThread: Thread finished: Ticket intake 1-110
2026-10-09 11:14:07,480 INFO o.a.j.t.JMeterThread: Thread started: Ticket intake 1-111
2026-10-09 11:14:08,510 INFO o.a.j.t.JMeterThread: Thread started: Ticket intake 1-112
2026-10-09 11:14:09,187 INFO o.a.j.t.JMeterThread: Thread started: Ticket intake 1-113
2026-10-09 11:14:09,213 INFO o.a.j.t.JMeterThread: Thread is done: Ticket intake 1-111
2026-10-09 11:14:09,213 INFO o.a.j.t.JMeterThread: Thread finished: Ticket intake 1-111
2026-10-09 11:14:10,487 INFO o.a.j.t.JMeterThread: Thread is done: Ticket intake 1-112
2026-10-09 11:14:10,487 INFO o.a.j.t.JMeterThread: Thread finished: Ticket intake 1-112
2026-10-09 11:14:13,359 INFO o.a.j.t.JMeterThread: Thread is done: Ticket intake 1-113
2026-10-09 11:14:13,359 INFO o.a.j.t.JMeterThread: Thread finished: Ticket intake 1-113
2026-10-09 11:14:14,043 INFO o.a.j.t.JMeterThread: Thread started: Ticket intake 1-114
2026-10-09 11:14:15,117 INFO o.a.j.t.JMeterThread: Thread started: Ticket intake 1-115
2026-10-09 11:14:15,455 INFO o.a.j.t.JMeterThread: Thread is done: Ticket intake 1-114
2026-10-09 11:14:15,455 INFO o.a.j.t.JMeterThread: Thread finished: Ticket intake 1-114
2026-10-09 11:14:17,807 INFO o.a.j.t.JMeterThread: Thread is done: Ticket intake 1-115
2026-10-09 11:14:17,807 INFO o.a.j.t.JMeterThread: Thread finished: Ticket intake 1-115
2026-10-09 11:14:20,130 INFO o.a.j.t.JMeterThread: Thread started: Ticket intake 1-116
2026-10-09 11:14:21,102 INFO o.a.j.t.JMeterThread: Thread is done: Ticket intake 1-116
2026-10-09 11:14:21,102 INFO o.a.j.t.JMeterThread: Thread finished: Ticket intake 1-116
2026-10-09 11:14:22,909 INFO o.a.j.t.JMeterThread: Thread started: Ticket intake 1-117
2026-10-09 11:14:24,037 INFO o.a.j.t.JMeterThread: Thread is done: Ticket intake 1-117
2026-10-09 11:14:24,037 INFO o.a.j.t.JMeterThread: Thread finished: Ticket intake 1-117
2026-10-09 11:14:30,258 INFO o.a.j.t.JMeterThread: Thread started: Ticket intake 1-118
2026-10-09 11:14:30,479 INFO o.a.j.t.JMeterThread: Thread started: Ticket intake 1-119
2026-10-09 11:14:30,496 INFO o.a.j.t.JMeterThread: Thread started: Ticket intake 1-120
2026-10-09 11:14:32,077 INFO o.a.j.r.Summariser: summary +      9 in 00:00:29 =    0.3/s Avg:  1902 Min:   972 Max:  4170 Err:     0 (0.00%) Active: 3 Started: 120 Finished: 117
2026-10-09 11:14:32,078 INFO o.a.j.r.Summariser: summary =    118 in 00:08:00 =    0.2/s Avg:  2523 Min:   863 Max:  6007 Err:     0 (0.00%)
2026-10-09 11:14:32,079 INFO o.a.j.t.JMeterThread: Thread is done: Ticket intake 1-118
2026-10-09 11:14:32,079 INFO o.a.j.t.JMeterThread: Thread finished: Ticket intake 1-118
2026-10-09 11:14:32,165 INFO o.a.j.t.JMeterThread: Thread started: Ticket intake 1-121
2026-10-09 11:14:32,311 INFO o.a.j.t.JMeterThread: Thread started: Ticket intake 1-122
2026-10-09 11:14:35,245 INFO o.a.j.t.JMeterThread: Thread is done: Ticket intake 1-119
2026-10-09 11:14:35,245 INFO o.a.j.t.JMeterThread: Thread finished: Ticket intake 1-119
2026-10-09 11:14:36,321 INFO o.a.j.t.JMeterThread: Thread is done: Ticket intake 1-120
2026-10-09 11:14:36,321 INFO o.a.j.t.JMeterThread: Thread finished: Ticket intake 1-120
2026-10-09 11:14:37,384 INFO o.a.j.t.JMeterThread: Thread is done: Ticket intake 1-121
2026-10-09 11:14:37,384 INFO o.a.j.t.JMeterThread: Thread finished: Ticket intake 1-121
2026-10-09 11:14:39,434 INFO o.a.j.t.JMeterThread: Thread is done: Ticket intake 1-122
2026-10-09 11:14:39,434 INFO o.a.j.t.JMeterThread: Thread finished: Ticket intake 1-122
2026-10-09 11:14:40,993 INFO o.a.j.t.JMeterThread: Thread started: Ticket intake 1-123
2026-10-09 11:14:41,026 INFO o.a.j.t.JMeterThread: Thread started: Ticket intake 1-124
2026-10-09 11:14:41,365 INFO o.a.j.t.JMeterThread: Thread started: Ticket intake 1-125
2026-10-09 11:14:42,900 INFO o.a.j.t.JMeterThread: Thread is done: Ticket intake 1-123
2026-10-09 11:14:42,900 INFO o.a.j.t.JMeterThread: Thread finished: Ticket intake 1-123
2026-10-09 11:14:44,922 INFO o.a.j.t.JMeterThread: Thread is done: Ticket intake 1-124
2026-10-09 11:14:44,922 INFO o.a.j.t.JMeterThread: Thread finished: Ticket intake 1-124
2026-10-09 11:14:45,478 INFO o.a.j.t.JMeterThread: Thread started: Ticket intake 1-126
2026-10-09 11:14:46,111 INFO o.a.j.t.JMeterThread: Thread started: Ticket intake 1-127
2026-10-09 11:14:46,356 INFO o.a.j.t.JMeterThread: Thread is done: Ticket intake 1-125
2026-10-09 11:14:46,356 INFO o.a.j.t.JMeterThread: Thread finished: Ticket intake 1-125
2026-10-09 11:14:46,444 INFO o.a.j.t.JMeterThread: Thread started: Ticket intake 1-128
2026-10-09 11:14:48,123 INFO o.a.j.t.JMeterThread: Thread is done: Ticket intake 1-126
2026-10-09 11:14:48,123 INFO o.a.j.t.JMeterThread: Thread finished: Ticket intake 1-126
2026-10-09 11:14:49,889 INFO o.a.j.t.JMeterThread: Thread started: Ticket intake 1-129
2026-10-09 11:14:50,346 INFO o.a.j.t.JMeterThread: Thread started: Ticket intake 1-130
2026-10-09 11:14:50,560 INFO o.a.j.t.JMeterThread: Thread started: Ticket intake 1-131
2026-10-09 11:14:51,312 INFO o.a.j.t.JMeterThread: Thread is done: Ticket intake 1-127
2026-10-09 11:14:51,314 INFO o.a.j.t.JMeterThread: Thread finished: Ticket intake 1-127
2026-10-09 11:14:51,853 INFO o.a.j.t.JMeterThread: Thread started: Ticket intake 1-132
2026-10-09 11:14:52,471 INFO o.a.j.t.JMeterThread: Thread started: Ticket intake 1-133
2026-10-09 11:14:53,107 INFO o.a.j.t.JMeterThread: Thread is done: Ticket intake 1-128
2026-10-09 11:14:53,107 INFO o.a.j.t.JMeterThread: Thread finished: Ticket intake 1-128
2026-10-09 11:14:54,054 INFO o.a.j.t.JMeterThread: Thread started: Ticket intake 1-134
2026-10-09 11:14:55,065 INFO o.a.j.t.JMeterThread: Thread started: Ticket intake 1-135
2026-10-09 11:14:55,638 INFO o.a.j.t.JMeterThread: Thread is done: Ticket intake 1-129
2026-10-09 11:14:55,640 INFO o.a.j.t.JMeterThread: Thread finished: Ticket intake 1-129
2026-10-09 11:14:56,980 INFO o.a.j.t.JMeterThread: Thread is done: Ticket intake 1-130
2026-10-09 11:14:56,980 INFO o.a.j.t.JMeterThread: Thread finished: Ticket intake 1-130
2026-10-09 11:14:57,492 INFO o.a.j.t.JMeterThread: Thread started: Ticket intake 1-136
2026-10-09 11:14:58,131 INFO o.a.j.t.JMeterThread: Thread is done: Ticket intake 1-131
2026-10-09 11:14:58,131 INFO o.a.j.t.JMeterThread: Thread finished: Ticket intake 1-131
2026-10-09 11:14:59,586 INFO o.a.j.t.JMeterThread: Thread started: Ticket intake 1-137
2026-10-09 11:15:00,331 INFO o.a.j.r.Summariser: summary +     14 in 00:00:28 =    0.5/s Avg:  5475 Min:  1905 Max:  8476 Err:     0 (0.00%) Active: 6 Started: 137 Finished: 131
2026-10-09 11:15:00,331 INFO o.a.j.r.Summariser: summary =    132 in 00:08:28 =    0.3/s Avg:  2836 Min:   863 Max:  8476 Err:     0 (0.00%)
2026-10-09 11:15:00,332 INFO o.a.j.t.JMeterThread: Thread is done: Ticket intake 1-132
2026-10-09 11:15:00,332 INFO o.a.j.t.JMeterThread: Thread finished: Ticket intake 1-132
2026-10-09 11:15:02,128 INFO o.a.j.t.JMeterThread: Thread is done: Ticket intake 1-133
2026-10-09 11:15:02,128 INFO o.a.j.t.JMeterThread: Thread finished: Ticket intake 1-133
2026-10-09 11:15:03,462 INFO o.a.j.t.JMeterThread: Thread is done: Ticket intake 1-134
2026-10-09 11:15:03,462 INFO o.a.j.t.JMeterThread: Thread finished: Ticket intake 1-134
2026-10-09 11:15:04,136 INFO o.a.j.t.JMeterThread: Thread started: Ticket intake 1-138
2026-10-09 11:15:04,541 INFO o.a.j.t.JMeterThread: Thread is done: Ticket intake 1-135
2026-10-09 11:15:04,542 INFO o.a.j.t.JMeterThread: Thread finished: Ticket intake 1-135
2026-10-09 11:15:04,854 INFO o.a.j.t.JMeterThread: Thread started: Ticket intake 1-139
2026-10-09 11:15:05,539 INFO o.a.j.t.JMeterThread: Thread is done: Ticket intake 1-136
2026-10-09 11:15:05,540 INFO o.a.j.t.JMeterThread: Thread finished: Ticket intake 1-136
2026-10-09 11:15:05,612 INFO o.a.j.t.JMeterThread: Thread started: Ticket intake 1-140
2026-10-09 11:15:07,172 INFO o.a.j.t.JMeterThread: Thread is done: Ticket intake 1-137
2026-10-09 11:15:07,172 INFO o.a.j.t.JMeterThread: Thread finished: Ticket intake 1-137
2026-10-09 11:15:07,420 INFO o.a.j.t.JMeterThread: Thread started: Ticket intake 1-141
2026-10-09 11:15:07,639 INFO o.a.j.t.JMeterThread: Thread started: Ticket intake 1-142
2026-10-09 11:15:08,133 INFO o.a.j.t.JMeterThread: Thread started: Ticket intake 1-143
2026-10-09 11:15:08,249 INFO o.a.j.t.JMeterThread: Thread started: Ticket intake 1-144
2026-10-09 11:15:09,235 INFO o.a.j.t.JMeterThread: Thread started: Ticket intake 1-145
2026-10-09 11:15:09,830 INFO o.a.j.t.JMeterThread: Thread started: Ticket intake 1-146
2026-10-09 11:15:09,957 INFO o.a.j.t.JMeterThread: Thread is done: Ticket intake 1-138
2026-10-09 11:15:09,957 INFO o.a.j.t.JMeterThread: Thread finished: Ticket intake 1-138
2026-10-09 11:15:10,873 INFO o.a.j.t.JMeterThread: Thread started: Ticket intake 1-147
2026-10-09 11:15:11,840 INFO o.a.j.t.JMeterThread: Thread started: Ticket intake 1-148
2026-10-09 11:15:12,114 INFO o.a.j.t.JMeterThread: Thread is done: Ticket intake 1-139
2026-10-09 11:15:12,115 INFO o.a.j.t.JMeterThread: Thread finished: Ticket intake 1-139
2026-10-09 11:15:13,479 INFO o.a.j.t.JMeterThread: Thread is done: Ticket intake 1-140
2026-10-09 11:15:13,479 INFO o.a.j.t.JMeterThread: Thread finished: Ticket intake 1-140
2026-10-09 11:15:15,849 INFO o.a.j.t.JMeterThread: Thread started: Ticket intake 1-149
2026-10-09 11:15:16,387 INFO o.a.j.t.JMeterThread: Thread is done: Ticket intake 1-141
2026-10-09 11:15:16,387 INFO o.a.j.t.JMeterThread: Thread finished: Ticket intake 1-141
2026-10-09 11:15:17,665 INFO o.a.j.t.JMeterThread: Thread is done: Ticket intake 1-142
2026-10-09 11:15:17,665 INFO o.a.j.t.JMeterThread: Thread finished: Ticket intake 1-142
2026-10-09 11:15:18,616 INFO o.a.j.t.JMeterThread: Thread is done: Ticket intake 1-143
2026-10-09 11:15:18,617 INFO o.a.j.t.JMeterThread: Thread finished: Ticket intake 1-143
2026-10-09 11:15:19,817 INFO o.a.j.t.JMeterThread: Thread is done: Ticket intake 1-144
2026-10-09 11:15:19,817 INFO o.a.j.t.JMeterThread: Thread finished: Ticket intake 1-144
2026-10-09 11:15:22,707 INFO o.a.j.t.JMeterThread: Thread is done: Ticket intake 1-145
2026-10-09 11:15:22,707 INFO o.a.j.t.JMeterThread: Thread finished: Ticket intake 1-145
2026-10-09 11:15:24,454 INFO o.a.j.t.JMeterThread: Thread is done: Ticket intake 1-146
2026-10-09 11:15:24,454 INFO o.a.j.t.JMeterThread: Thread finished: Ticket intake 1-146
2026-10-09 11:15:25,464 INFO o.a.j.t.JMeterThread: Thread is done: Ticket intake 1-147
2026-10-09 11:15:25,464 INFO o.a.j.t.JMeterThread: Thread finished: Ticket intake 1-147
2026-10-09 11:15:25,738 INFO o.a.j.t.JMeterThread: Thread started: Ticket intake 1-150
2026-10-09 11:15:26,738 INFO o.a.j.t.JMeterThread: Thread is done: Ticket intake 1-148
2026-10-09 11:15:26,738 INFO o.a.j.t.JMeterThread: Thread finished: Ticket intake 1-148
2026-10-09 11:15:26,764 INFO o.a.j.t.JMeterThread: Thread started: Ticket intake 1-151
2026-10-09 11:15:28,290 INFO o.a.j.t.JMeterThread: Thread is done: Ticket intake 1-149
2026-10-09 11:15:28,290 INFO o.a.j.t.JMeterThread: Thread finished: Ticket intake 1-149
2026-10-09 11:15:29,097 INFO o.a.j.t.JMeterThread: Thread started: Ticket intake 1-152
2026-10-09 11:15:29,560 INFO o.a.j.t.JMeterThread: Thread started: Ticket intake 1-153
2026-10-09 11:15:30,867 INFO o.a.j.r.Summariser: summary +     18 in 00:00:31 =    0.6/s Avg: 10071 Min:  5128 Max: 14895 Err:     0 (0.00%) Active: 4 Started: 153 Finished: 149
2026-10-09 11:15:30,868 INFO o.a.j.r.Summariser: summary =    150 in 00:08:58 =    0.3/s Avg:  3704 Min:   863 Max: 14895 Err:     0 (0.00%)
2026-10-09 11:15:30,868 INFO o.a.j.t.JMeterThread: Thread is done: Ticket intake 1-150
2026-10-09 11:15:30,868 INFO o.a.j.t.JMeterThread: Thread finished: Ticket intake 1-150
2026-10-09 11:15:31,939 INFO o.a.j.t.JMeterThread: Thread started: Ticket intake 1-154
2026-10-09 11:15:32,888 INFO o.a.j.t.JMeterThread: Thread is done: Ticket intake 1-151
2026-10-09 11:15:32,888 INFO o.a.j.t.JMeterThread: Thread finished: Ticket intake 1-151
2026-10-09 11:15:33,855 INFO o.a.j.t.JMeterThread: Thread started: Ticket intake 1-155
2026-10-09 11:15:34,309 INFO o.a.j.t.JMeterThread: Thread started: Ticket intake 1-156
2026-10-09 11:15:35,893 INFO o.a.j.t.JMeterThread: Thread is done: Ticket intake 1-152
2026-10-09 11:15:35,893 INFO o.a.j.t.JMeterThread: Thread finished: Ticket intake 1-152
2026-10-09 11:15:36,053 INFO o.a.j.t.JMeterThread: Thread started: Ticket intake 1-157
2026-10-09 11:15:36,592 INFO o.a.j.t.JMeterThread: Thread started: Ticket intake 1-158
2026-10-09 11:15:37,475 INFO o.a.j.t.JMeterThread: Thread started: Ticket intake 1-159
2026-10-09 11:15:37,662 INFO o.a.j.t.JMeterThread: Thread started: Ticket intake 1-160
2026-10-09 11:15:38,221 INFO o.a.j.t.JMeterThread: Thread is done: Ticket intake 1-153
2026-10-09 11:15:38,221 INFO o.a.j.t.JMeterThread: Thread finished: Ticket intake 1-153
2026-10-09 11:15:38,667 INFO o.a.j.t.JMeterThread: Thread started: Ticket intake 1-161
2026-10-09 11:15:40,326 INFO o.a.j.t.JMeterThread: Thread started: Ticket intake 1-162
2026-10-09 11:15:40,433 INFO o.a.j.t.JMeterThread: Thread is done: Ticket intake 1-154
2026-10-09 11:15:40,433 INFO o.a.j.t.JMeterThread: Thread finished: Ticket intake 1-154
2026-10-09 11:15:43,116 INFO o.a.j.t.JMeterThread: Thread is done: Ticket intake 1-155
2026-10-09 11:15:43,116 INFO o.a.j.t.JMeterThread: Thread finished: Ticket intake 1-155
2026-10-09 11:15:45,057 INFO o.a.j.t.JMeterThread: Thread is done: Ticket intake 1-156
2026-10-09 11:15:45,057 INFO o.a.j.t.JMeterThread: Thread finished: Ticket intake 1-156
2026-10-09 11:15:46,713 INFO o.a.j.t.JMeterThread: Thread is done: Ticket intake 1-157
2026-10-09 11:15:46,713 INFO o.a.j.t.JMeterThread: Thread finished: Ticket intake 1-157
2026-10-09 11:15:46,933 INFO o.a.j.t.JMeterThread: Thread started: Ticket intake 1-163
2026-10-09 11:15:48,882 INFO o.a.j.t.JMeterThread: Thread is done: Ticket intake 1-158
2026-10-09 11:15:48,882 INFO o.a.j.t.JMeterThread: Thread finished: Ticket intake 1-158
2026-10-09 11:15:50,203 INFO o.a.j.t.JMeterThread: Thread is done: Ticket intake 1-159
2026-10-09 11:15:50,203 INFO o.a.j.t.JMeterThread: Thread finished: Ticket intake 1-159
2026-10-09 11:15:52,286 INFO o.a.j.t.JMeterThread: Thread is done: Ticket intake 1-160
2026-10-09 11:15:52,286 INFO o.a.j.t.JMeterThread: Thread finished: Ticket intake 1-160
2026-10-09 11:15:53,275 INFO o.a.j.t.JMeterThread: Thread started: Ticket intake 1-164
2026-10-09 11:15:53,840 INFO o.a.j.t.JMeterThread: Thread is done: Ticket intake 1-161
2026-10-09 11:15:53,840 INFO o.a.j.t.JMeterThread: Thread finished: Ticket intake 1-161
2026-10-09 11:15:56,656 INFO o.a.j.t.JMeterThread: Thread is done: Ticket intake 1-162
2026-10-09 11:15:56,656 INFO o.a.j.t.JMeterThread: Thread finished: Ticket intake 1-162
2026-10-09 11:15:58,042 INFO o.a.j.t.JMeterThread: Thread started: Ticket intake 1-165
2026-10-09 11:15:58,241 INFO o.a.j.t.JMeterThread: Thread is done: Ticket intake 1-163
2026-10-09 11:15:58,241 INFO o.a.j.t.JMeterThread: Thread finished: Ticket intake 1-163
2026-10-09 11:15:59,398 INFO o.a.j.t.JMeterThread: Thread is done: Ticket intake 1-164
2026-10-09 11:15:59,398 INFO o.a.j.t.JMeterThread: Thread finished: Ticket intake 1-164
2026-10-09 11:15:59,514 INFO o.a.j.t.JMeterThread: Thread started: Ticket intake 1-166
2026-10-09 11:16:00,009 INFO o.a.j.t.JMeterThread: Thread started: Ticket intake 1-167
2026-10-09 11:16:01,451 INFO o.a.j.t.JMeterThread: Thread started: Ticket intake 1-168
2026-10-09 11:16:02,180 INFO o.a.j.r.Summariser: summary +     15 in 00:00:31 =    0.5/s Avg: 10229 Min:  4139 Max: 16329 Err:     0 (0.00%) Active: 4 Started: 168 Finished: 164
2026-10-09 11:16:02,180 INFO o.a.j.r.Summariser: summary =    165 in 00:09:30 =    0.3/s Avg:  4298 Min:   863 Max: 16329 Err:     0 (0.00%)
2026-10-09 11:16:02,184 INFO o.a.j.t.JMeterThread: Thread is done: Ticket intake 1-165
2026-10-09 11:16:02,184 INFO o.a.j.t.JMeterThread: Thread finished: Ticket intake 1-165
2026-10-09 11:16:03,005 INFO o.a.j.t.JMeterThread: Thread started: Ticket intake 1-169
2026-10-09 11:16:04,337 INFO o.a.j.t.JMeterThread: Thread is done: Ticket intake 1-166
2026-10-09 11:16:04,337 INFO o.a.j.t.JMeterThread: Thread finished: Ticket intake 1-166
2026-10-09 11:16:06,342 INFO o.a.j.t.JMeterThread: Thread is done: Ticket intake 1-167
2026-10-09 11:16:06,342 INFO o.a.j.t.JMeterThread: Thread finished: Ticket intake 1-167
2026-10-09 11:16:08,220 INFO o.a.j.t.JMeterThread: Thread started: Ticket intake 1-170
2026-10-09 11:16:08,952 INFO o.a.j.t.JMeterThread: Thread started: Ticket intake 1-171
2026-10-09 11:16:09,323 INFO o.a.j.t.JMeterThread: Thread is done: Ticket intake 1-168
2026-10-09 11:16:09,323 INFO o.a.j.t.JMeterThread: Thread finished: Ticket intake 1-168
2026-10-09 11:16:09,560 INFO o.a.j.t.JMeterThread: Thread started: Ticket intake 1-172
2026-10-09 11:16:10,922 INFO o.a.j.t.JMeterThread: Thread started: Ticket intake 1-173
2026-10-09 11:16:10,962 INFO o.a.j.t.JMeterThread: Thread started: Ticket intake 1-174
2026-10-09 11:16:11,355 INFO o.a.j.t.JMeterThread: Thread is done: Ticket intake 1-169
2026-10-09 11:16:11,355 INFO o.a.j.t.JMeterThread: Thread finished: Ticket intake 1-169
2026-10-09 11:16:13,144 INFO o.a.j.t.JMeterThread: Thread is done: Ticket intake 1-170
2026-10-09 11:16:13,144 INFO o.a.j.t.JMeterThread: Thread finished: Ticket intake 1-170
2026-10-09 11:16:16,828 INFO o.a.j.t.JMeterThread: Thread is done: Ticket intake 1-171
2026-10-09 11:16:16,829 INFO o.a.j.t.JMeterThread: Thread finished: Ticket intake 1-171
2026-10-09 11:16:16,897 INFO o.a.j.t.JMeterThread: Thread started: Ticket intake 1-175
2026-10-09 11:16:17,401 INFO o.a.j.t.JMeterThread: Thread started: Ticket intake 1-176
2026-10-09 11:16:18,490 INFO o.a.j.t.JMeterThread: Thread started: Ticket intake 1-177
2026-10-09 11:16:19,157 INFO o.a.j.t.JMeterThread: Thread is done: Ticket intake 1-172
2026-10-09 11:16:19,157 INFO o.a.j.t.JMeterThread: Thread finished: Ticket intake 1-172
2026-10-09 11:16:20,564 INFO o.a.j.t.JMeterThread: Thread started: Ticket intake 1-178
2026-10-09 11:16:21,304 INFO o.a.j.t.JMeterThread: Thread is done: Ticket intake 1-173
2026-10-09 11:16:21,305 INFO o.a.j.t.JMeterThread: Thread finished: Ticket intake 1-173
2026-10-09 11:16:22,054 INFO o.a.j.t.JMeterThread: Thread is done: Ticket intake 1-174
2026-10-09 11:16:22,055 INFO o.a.j.t.JMeterThread: Thread finished: Ticket intake 1-174
2026-10-09 11:16:22,521 INFO o.a.j.t.JMeterThread: Thread started: Ticket intake 1-179
2026-10-09 11:16:23,540 INFO o.a.j.t.JMeterThread: Thread started: Ticket intake 1-180
2026-10-09 11:16:24,789 INFO o.a.j.t.JMeterThread: Thread is done: Ticket intake 1-175
2026-10-09 11:16:24,789 INFO o.a.j.t.JMeterThread: Thread finished: Ticket intake 1-175
2026-10-09 11:16:25,832 INFO o.a.j.t.JMeterThread: Thread is done: Ticket intake 1-176
2026-10-09 11:16:25,832 INFO o.a.j.t.JMeterThread: Thread finished: Ticket intake 1-176
2026-10-09 11:16:26,864 INFO o.a.j.t.JMeterThread: Thread started: Ticket intake 1-181
2026-10-09 11:16:27,782 INFO o.a.j.t.JMeterThread: Thread started: Ticket intake 1-182
2026-10-09 11:16:28,261 INFO o.a.j.t.JMeterThread: Thread is done: Ticket intake 1-177
2026-10-09 11:16:28,261 INFO o.a.j.t.JMeterThread: Thread finished: Ticket intake 1-177
2026-10-09 11:16:28,534 INFO o.a.j.t.JMeterThread: Thread started: Ticket intake 1-183
2026-10-09 11:16:28,582 INFO o.a.j.t.JMeterThread: Thread started: Ticket intake 1-184
2026-10-09 11:16:28,677 INFO o.a.j.t.JMeterThread: Thread started: Ticket intake 1-185
2026-10-09 11:16:29,425 INFO o.a.j.t.JMeterThread: Thread is done: Ticket intake 1-178
2026-10-09 11:16:29,425 INFO o.a.j.t.JMeterThread: Thread finished: Ticket intake 1-178
2026-10-09 11:16:30,340 INFO o.a.j.r.Summariser: summary +     14 in 00:00:28 =    0.5/s Avg:  8143 Min:  4822 Max: 11092 Err:     0 (0.00%) Active: 7 Started: 185 Finished: 178
2026-10-09 11:16:30,341 INFO o.a.j.r.Summariser: summary =    179 in 00:09:58 =    0.3/s Avg:  4598 Min:   863 Max: 16329 Err:     0 (0.00%)
2026-10-09 11:16:30,341 INFO o.a.j.t.JMeterThread: Thread is done: Ticket intake 1-179
2026-10-09 11:16:30,341 INFO o.a.j.t.JMeterThread: Thread finished: Ticket intake 1-179
2026-10-09 11:16:31,973 INFO o.a.j.t.JMeterThread: Thread started: Ticket intake 1-186
2026-10-09 11:16:32,250 INFO o.a.j.t.JMeterThread: Thread started: Ticket intake 1-187
2026-10-09 11:16:32,778 INFO o.a.j.t.JMeterThread: Thread is done: Ticket intake 1-180
2026-10-09 11:16:32,778 INFO o.a.j.t.JMeterThread: Thread finished: Ticket intake 1-180
2026-10-09 11:16:34,315 INFO o.a.j.t.JMeterThread: Thread started: Ticket intake 1-188
2026-10-09 11:16:34,718 INFO o.a.j.t.JMeterThread: Thread is done: Ticket intake 1-181
2026-10-09 11:16:34,718 INFO o.a.j.t.JMeterThread: Thread finished: Ticket intake 1-181
2026-10-09 11:16:36,714 INFO o.a.j.t.JMeterThread: Thread started: Ticket intake 1-189
2026-10-09 11:16:36,737 INFO o.a.j.t.JMeterThread: Thread started: Ticket intake 1-190
2026-10-09 11:16:36,870 INFO o.a.j.t.JMeterThread: Thread is done: Ticket intake 1-182
2026-10-09 11:16:36,870 INFO o.a.j.t.JMeterThread: Thread finished: Ticket intake 1-182
2026-10-09 11:16:37,956 INFO o.a.j.t.JMeterThread: Thread started: Ticket intake 1-191
2026-10-09 11:16:39,076 INFO o.a.j.t.JMeterThread: Thread is done: Ticket intake 1-183
2026-10-09 11:16:39,076 INFO o.a.j.t.JMeterThread: Thread finished: Ticket intake 1-183
2026-10-09 11:16:39,139 INFO o.a.j.t.JMeterThread: Thread started: Ticket intake 1-192
2026-10-09 11:16:40,177 INFO o.a.j.t.JMeterThread: Thread started: Ticket intake 1-193
2026-10-09 11:16:40,334 INFO o.a.j.t.JMeterThread: Thread is done: Ticket intake 1-184
2026-10-09 11:16:40,334 INFO o.a.j.t.JMeterThread: Thread finished: Ticket intake 1-184
2026-10-09 11:16:41,720 INFO o.a.j.t.JMeterThread: Thread started: Ticket intake 1-194
2026-10-09 11:16:41,953 INFO o.a.j.t.JMeterThread: Thread started: Ticket intake 1-195
2026-10-09 11:16:42,790 INFO o.a.j.t.JMeterThread: Thread is done: Ticket intake 1-185
2026-10-09 11:16:42,791 INFO o.a.j.t.JMeterThread: Thread finished: Ticket intake 1-185
2026-10-09 11:16:43,432 INFO o.a.j.t.JMeterThread: Thread started: Ticket intake 1-196
2026-10-09 11:16:44,253 INFO o.a.j.t.JMeterThread: Thread started: Ticket intake 1-197
2026-10-09 11:16:45,218 INFO o.a.j.t.JMeterThread: Thread is done: Ticket intake 1-186
2026-10-09 11:16:45,218 INFO o.a.j.t.JMeterThread: Thread finished: Ticket intake 1-186
2026-10-09 11:16:46,540 INFO o.a.j.t.JMeterThread: Thread is done: Ticket intake 1-187
2026-10-09 11:16:46,540 INFO o.a.j.t.JMeterThread: Thread finished: Ticket intake 1-187
2026-10-09 11:16:48,337 INFO o.a.j.t.JMeterThread: Thread is done: Ticket intake 1-188
2026-10-09 11:16:48,337 INFO o.a.j.t.JMeterThread: Thread finished: Ticket intake 1-188
2026-10-09 11:16:49,385 INFO o.a.j.t.JMeterThread: Thread started: Ticket intake 1-198
2026-10-09 11:16:49,611 INFO o.a.j.t.JMeterThread: Thread is done: Ticket intake 1-189
2026-10-09 11:16:49,612 INFO o.a.j.t.JMeterThread: Thread finished: Ticket intake 1-189
2026-10-09 11:16:50,284 INFO o.a.j.t.JMeterThread: Thread started: Ticket intake 1-199
2026-10-09 11:16:50,951 INFO o.a.j.t.JMeterThread: Thread is done: Ticket intake 1-190
2026-10-09 11:16:50,951 INFO o.a.j.t.JMeterThread: Thread finished: Ticket intake 1-190
2026-10-09 11:16:51,338 INFO o.a.j.t.JMeterThread: Thread started: Ticket intake 1-200
2026-10-09 11:16:52,186 INFO o.a.j.t.JMeterThread: Thread is done: Ticket intake 1-191
2026-10-09 11:16:52,186 INFO o.a.j.t.JMeterThread: Thread finished: Ticket intake 1-191
2026-10-09 11:16:52,312 INFO o.a.j.t.JMeterThread: Thread started: Ticket intake 1-201
2026-10-09 11:16:53,714 INFO o.a.j.t.JMeterThread: Thread started: Ticket intake 1-202
2026-10-09 11:16:53,809 INFO o.a.j.t.JMeterThread: Thread started: Ticket intake 1-203
2026-10-09 11:16:54,429 INFO o.a.j.t.JMeterThread: Thread is done: Ticket intake 1-192
2026-10-09 11:16:54,429 INFO o.a.j.t.JMeterThread: Thread finished: Ticket intake 1-192
2026-10-09 11:16:54,671 INFO o.a.j.t.JMeterThread: Thread started: Ticket intake 1-204
2026-10-09 11:16:56,447 INFO o.a.j.t.JMeterThread: Thread is done: Ticket intake 1-193
2026-10-09 11:16:56,447 INFO o.a.j.t.JMeterThread: Thread finished: Ticket intake 1-193
2026-10-09 11:16:56,539 INFO o.a.j.t.JMeterThread: Thread started: Ticket intake 1-205
2026-10-09 11:16:56,913 INFO o.a.j.t.JMeterThread: Thread started: Ticket intake 1-206
2026-10-09 11:16:57,427 INFO o.a.j.t.JMeterThread: Thread started: Ticket intake 1-207
2026-10-09 11:16:58,115 INFO o.a.j.t.JMeterThread: Thread started: Ticket intake 1-208
2026-10-09 11:16:58,476 INFO o.a.j.t.JMeterThread: Thread is done: Ticket intake 1-194
2026-10-09 11:16:58,477 INFO o.a.j.t.JMeterThread: Thread finished: Ticket intake 1-194
2026-10-09 11:16:59,174 INFO o.a.j.t.JMeterThread: Thread started: Ticket intake 1-209
2026-10-09 11:16:59,844 INFO o.a.j.t.JMeterThread: Thread is done: Ticket intake 1-195
2026-10-09 11:16:59,844 INFO o.a.j.t.JMeterThread: Thread finished: Ticket intake 1-195
2026-10-09 11:16:59,941 INFO o.a.j.t.JMeterThread: Thread started: Ticket intake 1-210
2026-10-09 11:17:01,092 INFO o.a.j.r.Summariser: summary +     17 in 00:00:31 =    0.6/s Avg: 13491 Min:  7852 Max: 17889 Err:     0 (0.00%) Active: 15 Started: 210 Finished: 195
2026-10-09 11:17:01,092 INFO o.a.j.r.Summariser: summary =    196 in 00:10:29 =    0.3/s Avg:  5370 Min:   863 Max: 17889 Err:     0 (0.00%)
2026-10-09 11:17:01,093 INFO o.a.j.t.JMeterThread: Thread is done: Ticket intake 1-196
2026-10-09 11:17:01,093 INFO o.a.j.t.JMeterThread: Thread finished: Ticket intake 1-196
2026-10-09 11:17:01,239 INFO o.a.j.t.JMeterThread: Thread started: Ticket intake 1-211
2026-10-09 11:17:02,369 INFO o.a.j.t.JMeterThread: Thread is done: Ticket intake 1-197
2026-10-09 11:17:02,369 INFO o.a.j.t.JMeterThread: Thread finished: Ticket intake 1-197
2026-10-09 11:17:02,896 INFO o.a.j.t.JMeterThread: Thread started: Ticket intake 1-212
2026-10-09 11:17:03,016 INFO o.a.j.t.JMeterThread: Thread started: Ticket intake 1-213
2026-10-09 11:17:03,743 INFO o.a.j.t.JMeterThread: Thread is done: Ticket intake 1-198
2026-10-09 11:17:03,743 INFO o.a.j.t.JMeterThread: Thread finished: Ticket intake 1-198
2026-10-09 11:17:04,004 INFO o.a.j.t.JMeterThread: Thread started: Ticket intake 1-214
2026-10-09 11:17:05,093 INFO o.a.j.t.JMeterThread: Thread is done: Ticket intake 1-199
2026-10-09 11:17:05,093 INFO o.a.j.t.JMeterThread: Thread finished: Ticket intake 1-199
2026-10-09 11:17:07,394 INFO o.a.j.t.JMeterThread: Thread started: Ticket intake 1-215
2026-10-09 11:17:07,833 INFO o.a.j.t.JMeterThread: Thread is done: Ticket intake 1-200
2026-10-09 11:17:07,834 INFO o.a.j.t.JMeterThread: Thread finished: Ticket intake 1-200
2026-10-09 11:17:07,861 INFO o.a.j.t.JMeterThread: Thread started: Ticket intake 1-216
2026-10-09 11:17:08,294 INFO o.a.j.t.JMeterThread: Thread started: Ticket intake 1-217
2026-10-09 11:17:10,911 INFO o.a.j.t.JMeterThread: Thread is done: Ticket intake 1-201
2026-10-09 11:17:10,911 INFO o.a.j.t.JMeterThread: Thread finished: Ticket intake 1-201
2026-10-09 11:17:12,283 INFO o.a.j.t.JMeterThread: Thread started: Ticket intake 1-218
2026-10-09 11:17:13,203 INFO o.a.j.t.JMeterThread: Thread started: Ticket intake 1-219
2026-10-09 11:17:13,450 INFO o.a.j.t.JMeterThread: Thread started: Ticket intake 1-220
2026-10-09 11:17:14,059 INFO o.a.j.t.JMeterThread: Thread started: Ticket intake 1-221
2026-10-09 11:17:14,501 INFO o.a.j.t.JMeterThread: Thread started: Ticket intake 1-222
2026-10-09 11:17:14,535 INFO o.a.j.t.JMeterThread: Thread started: Ticket intake 1-223
2026-10-09 11:17:14,544 INFO o.a.j.t.JMeterThread: Thread started: Ticket intake 1-224
2026-10-09 11:17:14,621 INFO o.a.j.t.JMeterThread: Thread is done: Ticket intake 1-202
2026-10-09 11:17:14,621 INFO o.a.j.t.JMeterThread: Thread finished: Ticket intake 1-202
2026-10-09 11:17:15,432 INFO o.a.j.t.JMeterThread: Thread started: Ticket intake 1-225
2026-10-09 11:17:15,620 INFO o.a.j.t.JMeterThread: Thread started: Ticket intake 1-226
2026-10-09 11:17:16,612 INFO o.a.j.t.JMeterThread: Thread is done: Ticket intake 1-203
2026-10-09 11:17:16,612 INFO o.a.j.t.JMeterThread: Thread finished: Ticket intake 1-203
2026-10-09 11:17:17,834 INFO o.a.j.t.JMeterThread: Thread is done: Ticket intake 1-204
2026-10-09 11:17:17,834 INFO o.a.j.t.JMeterThread: Thread finished: Ticket intake 1-204
2026-10-09 11:17:18,720 INFO o.a.j.t.JMeterThread: Thread started: Ticket intake 1-227
2026-10-09 11:17:18,797 INFO o.a.j.t.JMeterThread: Thread started: Ticket intake 1-228
2026-10-09 11:17:18,811 INFO o.a.j.t.JMeterThread: Thread is done: Ticket intake 1-205
2026-10-09 11:17:18,811 INFO o.a.j.t.JMeterThread: Thread finished: Ticket intake 1-205
2026-10-09 11:17:19,177 INFO o.a.j.t.JMeterThread: Thread started: Ticket intake 1-229
2026-10-09 11:17:20,522 INFO o.a.j.t.JMeterThread: Thread started: Ticket intake 1-230
2026-10-09 11:17:20,920 INFO o.a.j.t.JMeterThread: Thread is done: Ticket intake 1-206
2026-10-09 11:17:20,920 INFO o.a.j.t.JMeterThread: Thread finished: Ticket intake 1-206
2026-10-09 11:17:21,684 INFO o.a.j.t.JMeterThread: Thread started: Ticket intake 1-231
2026-10-09 11:17:22,611 INFO o.a.j.t.JMeterThread: Thread is done: Ticket intake 1-207
2026-10-09 11:17:22,611 INFO o.a.j.t.JMeterThread: Thread finished: Ticket intake 1-207
2026-10-09 11:17:23,102 INFO o.a.j.t.JMeterThread: Thread started: Ticket intake 1-232
2026-10-09 11:17:24,758 INFO o.a.j.t.JMeterThread: Thread is done: Ticket intake 1-208
2026-10-09 11:17:24,758 INFO o.a.j.t.JMeterThread: Thread finished: Ticket intake 1-208
2026-10-09 11:17:24,874 INFO o.a.j.t.JMeterThread: Thread started: Ticket intake 1-233
2026-10-09 11:17:26,060 INFO o.a.j.t.JMeterThread: Thread started: Ticket intake 1-234
2026-10-09 11:17:27,065 INFO o.a.j.t.JMeterThread: Thread started: Ticket intake 1-235
2026-10-09 11:17:27,829 INFO o.a.j.t.JMeterThread: Thread is done: Ticket intake 1-209
2026-10-09 11:17:27,830 INFO o.a.j.t.JMeterThread: Thread finished: Ticket intake 1-209
2026-10-09 11:17:30,404 INFO o.a.j.t.JMeterThread: Thread started: Ticket intake 1-236
2026-10-09 11:17:30,443 INFO o.a.j.t.JMeterThread: Thread started: Ticket intake 1-237
2026-10-09 11:17:30,961 INFO o.a.j.r.Summariser: summary +     14 in 00:00:30 =    0.5/s Avg: 21929 Min: 14356 Max: 31017 Err:     0 (0.00%) Active: 28 Started: 237 Finished: 209
2026-10-09 11:17:30,961 INFO o.a.j.r.Summariser: summary =    210 in 00:10:59 =    0.3/s Avg:  6473 Min:   863 Max: 31017 Err:     0 (0.00%)
2026-10-09 11:17:30,961 INFO o.a.j.t.JMeterThread: Thread is done: Ticket intake 1-210
2026-10-09 11:17:30,961 INFO o.a.j.t.JMeterThread: Thread finished: Ticket intake 1-210
2026-10-09 11:17:32,352 INFO o.a.j.t.JMeterThread: Thread is done: Ticket intake 1-211
2026-10-09 11:17:32,352 INFO o.a.j.t.JMeterThread: Thread finished: Ticket intake 1-211
2026-10-09 11:17:34,023 INFO o.a.j.t.JMeterThread: Thread started: Ticket intake 1-238
2026-10-09 11:17:34,266 INFO o.a.j.t.JMeterThread: Thread is done: Ticket intake 1-212
2026-10-09 11:17:34,266 INFO o.a.j.t.JMeterThread: Thread finished: Ticket intake 1-212
2026-10-09 11:17:35,511 INFO o.a.j.t.JMeterThread: Thread started: Ticket intake 1-239
2026-10-09 11:17:35,558 INFO o.a.j.t.JMeterThread: Thread is done: Ticket intake 1-213
2026-10-09 11:17:35,558 INFO o.a.j.t.JMeterThread: Thread finished: Ticket intake 1-213
2026-10-09 11:17:36,847 INFO o.a.j.t.JMeterThread: Thread is done: Ticket intake 1-214
2026-10-09 11:17:36,847 INFO o.a.j.t.JMeterThread: Thread finished: Ticket intake 1-214
2026-10-09 11:17:38,303 INFO o.a.j.t.JMeterThread: Thread started: Ticket intake 1-240
2026-10-09 11:17:39,186 INFO o.a.j.t.JMeterThread: Thread is done: Ticket intake 1-215
2026-10-09 11:17:39,186 INFO o.a.j.t.JMeterThread: Thread finished: Ticket intake 1-215
2026-10-09 11:17:39,670 INFO o.a.j.t.JMeterThread: Thread started: Ticket intake 1-241
2026-10-09 11:17:40,225 INFO o.a.j.t.JMeterThread: Thread started: Ticket intake 1-242
2026-10-09 11:17:41,302 INFO o.a.j.t.JMeterThread: Thread is done: Ticket intake 1-216
2026-10-09 11:17:41,303 INFO o.a.j.t.JMeterThread: Thread finished: Ticket intake 1-216
2026-10-09 11:17:42,721 INFO o.a.j.t.JMeterThread: Thread started: Ticket intake 1-243
2026-10-09 11:17:42,919 INFO o.a.j.t.JMeterThread: Thread is done: Ticket intake 1-217
2026-10-09 11:17:42,919 INFO o.a.j.t.JMeterThread: Thread finished: Ticket intake 1-217
2026-10-09 11:17:43,086 INFO o.a.j.t.JMeterThread: Thread started: Ticket intake 1-244
2026-10-09 11:17:45,782 INFO o.a.j.t.JMeterThread: Thread is done: Ticket intake 1-218
2026-10-09 11:17:45,782 INFO o.a.j.t.JMeterThread: Thread finished: Ticket intake 1-218
2026-10-09 11:17:46,529 INFO o.a.j.t.JMeterThread: Thread started: Ticket intake 1-245
2026-10-09 11:17:46,544 INFO o.a.j.t.JMeterThread: Thread started: Ticket intake 1-246
2026-10-09 11:17:47,088 INFO o.a.j.t.JMeterThread: Thread started: Ticket intake 1-247
2026-10-09 11:17:47,246 INFO o.a.j.t.JMeterThread: Thread is done: Ticket intake 1-219
2026-10-09 11:17:47,246 INFO o.a.j.t.JMeterThread: Thread finished: Ticket intake 1-219
2026-10-09 11:17:47,341 INFO o.a.j.t.JMeterThread: Thread started: Ticket intake 1-248
2026-10-09 11:17:48,359 INFO o.a.j.t.JMeterThread: Thread started: Ticket intake 1-249
2026-10-09 11:17:48,682 INFO o.a.j.t.JMeterThread: Thread is done: Ticket intake 1-220
2026-10-09 11:17:48,682 INFO o.a.j.t.JMeterThread: Thread finished: Ticket intake 1-220
2026-10-09 11:17:50,413 INFO o.a.j.t.JMeterThread: Thread started: Ticket intake 1-250
2026-10-09 11:17:51,212 INFO o.a.j.t.JMeterThread: Thread is done: Ticket intake 1-221
2026-10-09 11:17:51,212 INFO o.a.j.t.JMeterThread: Thread finished: Ticket intake 1-221
2026-10-09 11:17:52,104 INFO o.a.j.t.JMeterThread: Thread started: Ticket intake 1-251
2026-10-09 11:17:52,438 INFO o.a.j.t.JMeterThread: Thread started: Ticket intake 1-252
2026-10-09 11:17:52,777 INFO o.a.j.t.JMeterThread: Thread is done: Ticket intake 1-223
2026-10-09 11:17:52,777 INFO o.a.j.t.JMeterThread: Thread finished: Ticket intake 1-223
2026-10-09 11:17:54,356 INFO o.a.j.t.JMeterThread: Thread is done: Ticket intake 1-222
2026-10-09 11:17:54,356 INFO o.a.j.t.JMeterThread: Thread finished: Ticket intake 1-222
2026-10-09 11:17:54,693 INFO o.a.j.t.JMeterThread: Thread started: Ticket intake 1-253
2026-10-09 11:17:54,829 INFO o.a.j.t.JMeterThread: Thread started: Ticket intake 1-254
2026-10-09 11:17:55,579 INFO o.a.j.t.JMeterThread: Thread started: Ticket intake 1-255
2026-10-09 11:17:56,372 INFO o.a.j.t.JMeterThread: Thread is done: Ticket intake 1-224
2026-10-09 11:17:56,372 INFO o.a.j.t.JMeterThread: Thread finished: Ticket intake 1-224
2026-10-09 11:17:56,813 INFO o.a.j.t.JMeterThread: Thread started: Ticket intake 1-256
2026-10-09 11:17:56,872 INFO o.a.j.t.JMeterThread: Thread started: Ticket intake 1-257
2026-10-09 11:17:57,084 INFO o.a.j.t.JMeterThread: Thread started: Ticket intake 1-258
2026-10-09 11:17:57,410 INFO o.a.j.t.JMeterThread: Thread started: Ticket intake 1-259
2026-10-09 11:17:57,916 INFO o.a.j.t.JMeterThread: Thread is done: Ticket intake 1-225
2026-10-09 11:17:57,916 INFO o.a.j.t.JMeterThread: Thread finished: Ticket intake 1-225
2026-10-09 11:17:59,814 INFO o.a.j.t.JMeterThread: Thread is done: Ticket intake 1-226
2026-10-09 11:17:59,815 INFO o.a.j.t.JMeterThread: Thread finished: Ticket intake 1-226
2026-10-09 11:18:01,897 INFO o.a.j.r.Summariser: summary +     17 in 00:00:31 =    0.5/s Avg: 36320 Min: 31111 Max: 44194 Err:     0 (0.00%) Active: 33 Started: 259 Finished: 226
2026-10-09 11:18:01,898 INFO o.a.j.r.Summariser: summary =    227 in 00:11:29 =    0.3/s Avg:  8709 Min:   863 Max: 44194 Err:     0 (0.00%)
2026-10-09 11:18:01,898 INFO o.a.j.t.JMeterThread: Thread is done: Ticket intake 1-227
2026-10-09 11:18:01,899 INFO o.a.j.t.JMeterThread: Thread finished: Ticket intake 1-227
2026-10-09 11:18:04,621 INFO o.a.j.t.JMeterThread: Thread is done: Ticket intake 1-228
2026-10-09 11:18:04,621 INFO o.a.j.t.JMeterThread: Thread finished: Ticket intake 1-228
2026-10-09 11:18:05,569 INFO o.a.j.t.JMeterThread: Thread started: Ticket intake 1-260
2026-10-09 11:18:05,724 INFO o.a.j.t.JMeterThread: Thread is done: Ticket intake 1-229
2026-10-09 11:18:05,724 INFO o.a.j.t.JMeterThread: Thread finished: Ticket intake 1-229
2026-10-09 11:18:07,765 INFO o.a.j.t.JMeterThread: Thread is done: Ticket intake 1-230
2026-10-09 11:18:07,765 INFO o.a.j.t.JMeterThread: Thread finished: Ticket intake 1-230
2026-10-09 11:18:09,664 INFO o.a.j.t.JMeterThread: Thread started: Ticket intake 1-261
2026-10-09 11:18:09,724 INFO o.a.j.t.JMeterThread: Thread started: Ticket intake 1-262
2026-10-09 11:18:10,896 INFO o.a.j.t.JMeterThread: Thread started: Ticket intake 1-263
2026-10-09 11:18:11,069 INFO o.a.j.t.JMeterThread: Thread is done: Ticket intake 1-231
2026-10-09 11:18:11,069 INFO o.a.j.t.JMeterThread: Thread finished: Ticket intake 1-231
2026-10-09 11:18:12,118 INFO o.a.j.t.JMeterThread: Thread is done: Ticket intake 1-232
2026-10-09 11:18:12,118 INFO o.a.j.t.JMeterThread: Thread finished: Ticket intake 1-232
2026-10-09 11:18:12,531 INFO o.a.j.t.JMeterThread: Thread started: Ticket intake 1-264
2026-10-09 11:18:13,441 INFO o.a.j.t.JMeterThread: Thread is done: Ticket intake 1-233
2026-10-09 11:18:13,441 INFO o.a.j.t.JMeterThread: Thread finished: Ticket intake 1-233
2026-10-09 11:18:13,479 INFO o.a.j.t.JMeterThread: Thread started: Ticket intake 1-265
2026-10-09 11:18:15,327 INFO o.a.j.t.JMeterThread: Thread started: Ticket intake 1-266
2026-10-09 11:18:15,646 INFO o.a.j.t.JMeterThread: Thread started: Ticket intake 1-267
2026-10-09 11:18:15,737 INFO o.a.j.t.JMeterThread: Thread is done: Ticket intake 1-234
2026-10-09 11:18:15,737 INFO o.a.j.t.JMeterThread: Thread finished: Ticket intake 1-234
2026-10-09 11:18:15,806 INFO o.a.j.t.JMeterThread: Thread started: Ticket intake 1-268
2026-10-09 11:18:16,710 INFO o.a.j.t.JMeterThread: Thread is done: Ticket intake 1-235
2026-10-09 11:18:16,710 INFO o.a.j.t.JMeterThread: Thread finished: Ticket intake 1-235
2026-10-09 11:18:17,254 INFO o.a.j.t.JMeterThread: Thread started: Ticket intake 1-269
2026-10-09 11:18:17,660 INFO o.a.j.t.JMeterThread: Thread started: Ticket intake 1-270
2026-10-09 11:18:17,791 INFO o.a.j.t.JMeterThread: Thread is done: Ticket intake 1-236
2026-10-09 11:18:17,791 INFO o.a.j.t.JMeterThread: Thread finished: Ticket intake 1-236
2026-10-09 11:18:18,930 INFO o.a.j.t.JMeterThread: Thread is done: Ticket intake 1-237
2026-10-09 11:18:18,932 INFO o.a.j.t.JMeterThread: Thread finished: Ticket intake 1-237
2026-10-09 11:18:19,976 INFO o.a.j.t.JMeterThread: Thread is done: Ticket intake 1-238
2026-10-09 11:18:19,976 INFO o.a.j.t.JMeterThread: Thread finished: Ticket intake 1-238
2026-10-09 11:18:21,152 INFO o.a.j.t.JMeterThread: Thread started: Ticket intake 1-271
2026-10-09 11:18:22,385 INFO o.a.j.t.JMeterThread: Thread is done: Ticket intake 1-239
2026-10-09 11:18:22,385 INFO o.a.j.t.JMeterThread: Thread finished: Ticket intake 1-239
2026-10-09 11:18:22,400 INFO o.a.j.t.JMeterThread: Thread started: Ticket intake 1-272
2026-10-09 11:18:22,895 INFO o.a.j.t.JMeterThread: Thread started: Ticket intake 1-273
2026-10-09 11:18:23,851 INFO o.a.j.t.JMeterThread: Thread started: Ticket intake 1-274
2026-10-09 11:18:24,076 INFO o.a.j.t.JMeterThread: Thread is done: Ticket intake 1-240
2026-10-09 11:18:24,076 INFO o.a.j.t.JMeterThread: Thread finished: Ticket intake 1-240
2026-10-09 11:18:24,877 INFO o.a.j.t.JMeterThread: Thread started: Ticket intake 1-275
2026-10-09 11:18:25,169 INFO o.a.j.t.JMeterThread: Thread is done: Ticket intake 1-241
2026-10-09 11:18:25,169 INFO o.a.j.t.JMeterThread: Thread finished: Ticket intake 1-241
2026-10-09 11:18:26,375 INFO o.a.j.t.JMeterThread: Thread is done: Ticket intake 1-242
2026-10-09 11:18:26,376 INFO o.a.j.t.JMeterThread: Thread finished: Ticket intake 1-242
2026-10-09 11:18:28,000 INFO o.a.j.t.JMeterThread: Thread is done: Ticket intake 1-243
2026-10-09 11:18:28,000 INFO o.a.j.t.JMeterThread: Thread finished: Ticket intake 1-243
2026-10-09 11:18:28,839 INFO o.a.j.t.JMeterThread: Thread started: Ticket intake 1-276
2026-10-09 11:18:29,168 INFO o.a.j.t.JMeterThread: Thread is done: Ticket intake 1-244
2026-10-09 11:18:29,168 INFO o.a.j.t.JMeterThread: Thread finished: Ticket intake 1-244
2026-10-09 11:18:29,778 INFO o.a.j.t.JMeterThread: Thread started: Ticket intake 1-277
2026-10-09 11:18:31,247 INFO o.a.j.t.JMeterThread: Thread started: Ticket intake 1-278
2026-10-09 11:18:31,680 INFO o.a.j.r.Summariser: summary +     18 in 00:00:30 =    0.6/s Avg: 47140 Min: 45150 Max: 49675 Err:     0 (0.00%) Active: 34 Started: 278 Finished: 244
2026-10-09 11:18:31,681 INFO o.a.j.r.Summariser: summary =    245 in 00:11:59 =    0.3/s Avg: 11532 Min:   863 Max: 49675 Err:     0 (0.00%)
2026-10-09 11:18:31,681 INFO o.a.j.t.JMeterThread: Thread is done: Ticket intake 1-245
2026-10-09 11:18:31,681 INFO o.a.j.t.JMeterThread: Thread finished: Ticket intake 1-245
2026-10-09 11:18:31,923 INFO o.a.j.t.JMeterThread: Thread started: Ticket intake 1-279
2026-10-09 11:18:33,700 INFO o.a.j.t.JMeterThread: Thread is done: Ticket intake 1-246
2026-10-09 11:18:33,700 INFO o.a.j.t.JMeterThread: Thread finished: Ticket intake 1-246
2026-10-09 11:18:34,783 INFO o.a.j.t.JMeterThread: Thread started: Ticket intake 1-280
2026-10-09 11:18:36,178 INFO o.a.j.t.JMeterThread: Thread started: Ticket intake 1-281
2026-10-09 11:18:36,574 INFO o.a.j.t.JMeterThread: Thread is done: Ticket intake 1-247
2026-10-09 11:18:36,575 INFO o.a.j.t.JMeterThread: Thread finished: Ticket intake 1-247
2026-10-09 11:18:37,580 INFO o.a.j.t.JMeterThread: Thread started: Ticket intake 1-282
2026-10-09 11:18:37,617 INFO o.a.j.t.JMeterThread: Thread started: Ticket intake 1-283
2026-10-09 11:18:38,076 INFO o.a.j.t.JMeterThread: Thread is done: Ticket intake 1-248
2026-10-09 11:18:38,076 INFO o.a.j.t.JMeterThread: Thread finished: Ticket intake 1-248
2026-10-09 11:18:39,389 INFO o.a.j.t.JMeterThread: Thread is done: Ticket intake 1-249
2026-10-09 11:18:39,390 INFO o.a.j.t.JMeterThread: Thread finished: Ticket intake 1-249
2026-10-09 11:18:40,078 INFO o.a.j.t.JMeterThread: Thread started: Ticket intake 1-284
2026-10-09 11:18:40,122 INFO o.a.j.t.JMeterThread: Thread started: Ticket intake 1-285
2026-10-09 11:18:40,586 INFO o.a.j.t.JMeterThread: Thread is done: Ticket intake 1-250
2026-10-09 11:18:40,586 INFO o.a.j.t.JMeterThread: Thread finished: Ticket intake 1-250
2026-10-09 11:18:42,062 INFO o.a.j.t.JMeterThread: Thread started: Ticket intake 1-286
2026-10-09 11:18:42,488 INFO o.a.j.t.JMeterThread: Thread is done: Ticket intake 1-251
2026-10-09 11:18:42,488 INFO o.a.j.t.JMeterThread: Thread finished: Ticket intake 1-251
2026-10-09 11:18:43,464 INFO o.a.j.t.JMeterThread: Thread started: Ticket intake 1-287
2026-10-09 11:18:44,113 INFO o.a.j.t.JMeterThread: Thread started: Ticket intake 1-288
2026-10-09 11:18:44,956 INFO o.a.j.t.JMeterThread: Thread is done: Ticket intake 1-252
2026-10-09 11:18:44,956 INFO o.a.j.t.JMeterThread: Thread finished: Ticket intake 1-252
2026-10-09 11:18:45,485 INFO o.a.j.t.JMeterThread: Thread started: Ticket intake 1-289
2026-10-09 11:18:46,689 INFO o.a.j.t.JMeterThread: Thread is done: Ticket intake 1-253
2026-10-09 11:18:46,689 INFO o.a.j.t.JMeterThread: Thread finished: Ticket intake 1-253
2026-10-09 11:18:48,532 INFO o.a.j.t.JMeterThread: Thread is done: Ticket intake 1-254
2026-10-09 11:18:48,532 INFO o.a.j.t.JMeterThread: Thread finished: Ticket intake 1-254
2026-10-09 11:18:50,442 INFO o.a.j.t.JMeterThread: Thread started: Ticket intake 1-290
2026-10-09 11:18:50,955 INFO o.a.j.t.JMeterThread: Thread started: Ticket intake 1-291
2026-10-09 11:18:51,191 INFO o.a.j.t.JMeterThread: Thread is done: Ticket intake 1-255
2026-10-09 11:18:51,191 INFO o.a.j.t.JMeterThread: Thread finished: Ticket intake 1-255
2026-10-09 11:18:51,971 INFO o.a.j.t.JMeterThread: Thread started: Ticket intake 1-292
2026-10-09 11:18:52,183 INFO o.a.j.t.JMeterThread: Thread is done: Ticket intake 1-256
2026-10-09 11:18:52,183 INFO o.a.j.t.JMeterThread: Thread finished: Ticket intake 1-256
2026-10-09 11:18:54,360 INFO o.a.j.t.JMeterThread: Thread is done: Ticket intake 1-257
2026-10-09 11:18:54,360 INFO o.a.j.t.JMeterThread: Thread finished: Ticket intake 1-257
2026-10-09 11:18:55,576 INFO o.a.j.t.JMeterThread: Thread is done: Ticket intake 1-258
2026-10-09 11:18:55,576 INFO o.a.j.t.JMeterThread: Thread finished: Ticket intake 1-258
2026-10-09 11:18:57,057 INFO o.a.j.t.JMeterThread: Thread is done: Ticket intake 1-259
2026-10-09 11:18:57,057 INFO o.a.j.t.JMeterThread: Thread finished: Ticket intake 1-259
2026-10-09 11:18:57,101 INFO o.a.j.t.JMeterThread: Thread started: Ticket intake 1-293
2026-10-09 11:18:57,998 INFO o.a.j.t.JMeterThread: Thread started: Ticket intake 1-294
2026-10-09 11:18:59,141 INFO o.a.j.t.JMeterThread: Thread is done: Ticket intake 1-260
2026-10-09 11:18:59,141 INFO o.a.j.t.JMeterThread: Thread finished: Ticket intake 1-260
2026-10-09 11:19:00,432 INFO o.a.j.r.Summariser: summary +     16 in 00:00:29 =    0.6/s Avg: 53006 Min: 47155 Max: 59646 Err:     0 (0.00%) Active: 34 Started: 294 Finished: 260
2026-10-09 11:19:00,432 INFO o.a.j.r.Summariser: summary =    261 in 00:12:28 =    0.3/s Avg: 14075 Min:   863 Max: 59646 Err:     0 (0.00%)
2026-10-09 11:19:00,433 INFO o.a.j.t.JMeterThread: Thread is done: Ticket intake 1-261
2026-10-09 11:19:00,433 INFO o.a.j.t.JMeterThread: Thread finished: Ticket intake 1-261
2026-10-09 11:19:00,631 INFO o.a.j.t.JMeterThread: Thread started: Ticket intake 1-295
2026-10-09 11:19:01,718 INFO o.a.j.t.JMeterThread: Thread is done: Ticket intake 1-262
2026-10-09 11:19:01,718 INFO o.a.j.t.JMeterThread: Thread finished: Ticket intake 1-262
2026-10-09 11:19:03,203 INFO o.a.j.t.JMeterThread: Thread started: Ticket intake 1-296
2026-10-09 11:19:03,348 INFO o.a.j.t.JMeterThread: Thread started: Ticket intake 1-297
2026-10-09 11:19:03,459 INFO o.a.j.t.JMeterThread: Thread started: Ticket intake 1-298
2026-10-09 11:19:03,558 INFO o.a.j.t.JMeterThread: Thread is done: Ticket intake 1-263
2026-10-09 11:19:03,558 INFO o.a.j.t.JMeterThread: Thread finished: Ticket intake 1-263
2026-10-09 11:19:05,495 INFO o.a.j.t.JMeterThread: Thread is done: Ticket intake 1-264
2026-10-09 11:19:05,495 INFO o.a.j.t.JMeterThread: Thread finished: Ticket intake 1-264
2026-10-09 11:19:07,734 INFO o.a.j.t.JMeterThread: Thread is done: Ticket intake 1-265
2026-10-09 11:19:07,734 INFO o.a.j.t.JMeterThread: Thread finished: Ticket intake 1-265
2026-10-09 11:19:07,934 INFO o.a.j.t.JMeterThread: Thread started: Ticket intake 1-299
2026-10-09 11:19:08,522 INFO o.a.j.t.JMeterThread: Thread started: Ticket intake 1-300
2026-10-09 11:19:10,832 INFO o.a.j.t.JMeterThread: Thread is done: Ticket intake 1-267
2026-10-09 11:19:10,832 INFO o.a.j.t.JMeterThread: Thread finished: Ticket intake 1-267
2026-10-09 11:19:11,280 INFO o.a.j.t.JMeterThread: Thread started: Ticket intake 1-301
2026-10-09 11:19:11,957 INFO o.a.j.t.JMeterThread: Thread is done: Ticket intake 1-268
2026-10-09 11:19:11,957 INFO o.a.j.t.JMeterThread: Thread finished: Ticket intake 1-268
2026-10-09 11:19:12,025 INFO o.a.j.t.JMeterThread: Thread started: Ticket intake 1-302
2026-10-09 11:19:12,415 INFO o.a.j.t.JMeterThread: Thread started: Ticket intake 1-303
2026-10-09 11:19:12,725 INFO o.a.j.t.JMeterThread: Thread started: Ticket intake 1-304
2026-10-09 11:19:13,840 INFO o.a.j.t.JMeterThread: Thread is done: Ticket intake 1-266
2026-10-09 11:19:13,840 INFO o.a.j.t.JMeterThread: Thread finished: Ticket intake 1-266
2026-10-09 11:19:14,595 INFO o.a.j.t.JMeterThread: Thread started: Ticket intake 1-305
2026-10-09 11:19:15,324 INFO o.a.j.t.JMeterThread: Thread started: Ticket intake 1-306
2026-10-09 11:19:16,009 INFO o.a.j.t.JMeterThread: Thread is done: Ticket intake 1-269
2026-10-09 11:19:16,009 INFO o.a.j.t.JMeterThread: Thread finished: Ticket intake 1-269
2026-10-09 11:19:16,266 INFO o.a.j.t.JMeterThread: Thread started: Ticket intake 1-307
2026-10-09 11:19:17,474 INFO o.a.j.t.JMeterThread: Thread is done: Ticket intake 1-270
2026-10-09 11:19:17,474 INFO o.a.j.t.JMeterThread: Thread finished: Ticket intake 1-270
2026-10-09 11:19:19,369 INFO o.a.j.t.JMeterThread: Thread is done: Ticket intake 1-271
2026-10-09 11:19:19,369 INFO o.a.j.t.JMeterThread: Thread finished: Ticket intake 1-271
2026-10-09 11:19:21,129 INFO o.a.j.t.JMeterThread: Thread is done: Ticket intake 1-272
2026-10-09 11:19:21,129 INFO o.a.j.t.JMeterThread: Thread finished: Ticket intake 1-272
2026-10-09 11:19:21,341 INFO o.a.j.t.JMeterThread: Thread started: Ticket intake 1-308
2026-10-09 11:19:22,020 INFO o.a.j.t.JMeterThread: Thread started: Ticket intake 1-309
2026-10-09 11:19:22,293 INFO o.a.j.t.JMeterThread: Thread is done: Ticket intake 1-273
2026-10-09 11:19:22,293 INFO o.a.j.t.JMeterThread: Thread finished: Ticket intake 1-273
2026-10-09 11:19:23,861 INFO o.a.j.t.JMeterThread: Thread started: Ticket intake 1-310
2026-10-09 11:19:24,572 INFO o.a.j.t.JMeterThread: Thread is done: Ticket intake 1-274
2026-10-09 11:19:24,573 INFO o.a.j.t.JMeterThread: Thread finished: Ticket intake 1-274
2026-10-09 11:19:27,401 INFO o.a.j.t.JMeterThread: Thread is done: Ticket intake 1-275
2026-10-09 11:19:27,402 INFO o.a.j.t.JMeterThread: Thread finished: Ticket intake 1-275
2026-10-09 11:19:27,423 INFO o.a.j.t.JMeterThread: Thread started: Ticket intake 1-311
2026-10-09 11:19:28,779 INFO o.a.j.t.JMeterThread: Thread is done: Ticket intake 1-276
2026-10-09 11:19:28,779 INFO o.a.j.t.JMeterThread: Thread finished: Ticket intake 1-276
2026-10-09 11:19:30,799 INFO o.a.j.t.JMeterThread: Thread started: Ticket intake 1-312
2026-10-09 11:19:31,048 INFO o.a.j.r.Summariser: summary +     16 in 00:00:31 =    0.5/s Avg: 57567 Min: 51993 Max: 62522 Err:     0 (0.00%) Active: 36 Started: 312 Finished: 276
2026-10-09 11:19:31,048 INFO o.a.j.r.Summariser: summary =    277 in 00:12:59 =    0.4/s Avg: 16587 Min:   863 Max: 62522 Err:     0 (0.00%)
2026-10-09 11:19:31,049 INFO o.a.j.t.JMeterThread: Thread is done: Ticket intake 1-277
2026-10-09 11:19:31,049 INFO o.a.j.t.JMeterThread: Thread finished: Ticket intake 1-277
2026-10-09 11:19:31,055 INFO o.a.j.t.JMeterThread: Thread started: Ticket intake 1-313
2026-10-09 11:19:31,082 INFO o.a.j.t.JMeterThread: Thread started: Ticket intake 1-314
2026-10-09 11:19:32,882 INFO o.a.j.t.JMeterThread: Thread is done: Ticket intake 1-278
2026-10-09 11:19:32,882 INFO o.a.j.t.JMeterThread: Thread finished: Ticket intake 1-278
2026-10-09 11:19:34,419 INFO o.a.j.t.JMeterThread: Thread is done: Ticket intake 1-279
2026-10-09 11:19:34,419 INFO o.a.j.t.JMeterThread: Thread finished: Ticket intake 1-279
2026-10-09 11:19:35,676 INFO o.a.j.t.JMeterThread: Thread is done: Ticket intake 1-280
2026-10-09 11:19:35,676 INFO o.a.j.t.JMeterThread: Thread finished: Ticket intake 1-280
2026-10-09 11:19:36,379 INFO o.a.j.t.JMeterThread: Thread started: Ticket intake 1-315
2026-10-09 11:19:36,800 INFO o.a.j.t.JMeterThread: Thread started: Ticket intake 1-316
2026-10-09 11:19:37,934 INFO o.a.j.t.JMeterThread: Thread started: Ticket intake 1-317
2026-10-09 11:19:38,758 INFO o.a.j.t.JMeterThread: Thread is done: Ticket intake 1-281
2026-10-09 11:19:38,758 INFO o.a.j.t.JMeterThread: Thread finished: Ticket intake 1-281
2026-10-09 11:19:39,348 INFO o.a.j.t.JMeterThread: Thread started: Ticket intake 1-318
2026-10-09 11:19:39,917 INFO o.a.j.t.JMeterThread: Thread started: Ticket intake 1-319
2026-10-09 11:19:40,488 INFO o.a.j.t.JMeterThread: Thread started: Ticket intake 1-320
2026-10-09 11:19:41,271 INFO o.a.j.t.JMeterThread: Thread is done: Ticket intake 1-282
2026-10-09 11:19:41,271 INFO o.a.j.t.JMeterThread: Thread finished: Ticket intake 1-282
2026-10-09 11:19:43,777 INFO o.a.j.t.JMeterThread: Thread is done: Ticket intake 1-283
2026-10-09 11:19:43,777 INFO o.a.j.t.JMeterThread: Thread finished: Ticket intake 1-283
2026-10-09 11:19:45,074 INFO o.a.j.t.JMeterThread: Thread started: Ticket intake 1-321
2026-10-09 11:19:45,263 INFO o.a.j.t.JMeterThread: Thread started: Ticket intake 1-322
2026-10-09 11:19:46,520 INFO o.a.j.t.JMeterThread: Thread is done: Ticket intake 1-284
2026-10-09 11:19:46,520 INFO o.a.j.t.JMeterThread: Thread finished: Ticket intake 1-284
2026-10-09 11:19:48,096 INFO o.a.j.t.JMeterThread: Thread is done: Ticket intake 1-285
2026-10-09 11:19:48,097 INFO o.a.j.t.JMeterThread: Thread finished: Ticket intake 1-285
2026-10-09 11:19:49,256 INFO o.a.j.t.JMeterThread: Thread is done: Ticket intake 1-286
2026-10-09 11:19:49,256 INFO o.a.j.t.JMeterThread: Thread finished: Ticket intake 1-286
2026-10-09 11:19:49,563 INFO o.a.j.t.JMeterThread: Thread started: Ticket intake 1-323
2026-10-09 11:19:50,181 INFO o.a.j.t.JMeterThread: Thread started: Ticket intake 1-324
2026-10-09 11:19:50,390 INFO o.a.j.t.JMeterThread: Thread started: Ticket intake 1-325
2026-10-09 11:19:50,498 INFO o.a.j.t.JMeterThread: Thread is done: Ticket intake 1-287
2026-10-09 11:19:50,498 INFO o.a.j.t.JMeterThread: Thread finished: Ticket intake 1-287
2026-10-09 11:19:51,114 INFO o.a.j.t.JMeterThread: Thread started: Ticket intake 1-326
2026-10-09 11:19:52,690 INFO o.a.j.t.JMeterThread: Thread is done: Ticket intake 1-288
2026-10-09 11:19:52,690 INFO o.a.j.t.JMeterThread: Thread finished: Ticket intake 1-288
2026-10-09 11:19:53,318 INFO o.a.j.t.JMeterThread: Thread started: Ticket intake 1-327
2026-10-09 11:19:54,079 INFO o.a.j.t.JMeterThread: Thread is done: Ticket intake 1-289
2026-10-09 11:19:54,079 INFO o.a.j.t.JMeterThread: Thread finished: Ticket intake 1-289
2026-10-09 11:19:55,604 INFO o.a.j.t.JMeterThread: Thread is done: Ticket intake 1-290
2026-10-09 11:19:55,604 INFO o.a.j.t.JMeterThread: Thread finished: Ticket intake 1-290
2026-10-09 11:19:56,237 INFO o.a.j.t.JMeterThread: Thread started: Ticket intake 1-328
2026-10-09 11:19:57,473 INFO o.a.j.t.JMeterThread: Thread is done: Ticket intake 1-291
2026-10-09 11:19:57,474 INFO o.a.j.t.JMeterThread: Thread finished: Ticket intake 1-291
2026-10-09 11:19:58,466 INFO o.a.j.t.JMeterThread: Thread is done: Ticket intake 1-292
2026-10-09 11:19:58,466 INFO o.a.j.t.JMeterThread: Thread finished: Ticket intake 1-292
2026-10-09 11:19:59,338 INFO o.a.j.t.JMeterThread: Thread started: Ticket intake 1-329
2026-10-09 11:19:59,420 INFO o.a.j.t.JMeterThread: Thread started: Ticket intake 1-330
2026-10-09 11:19:59,880 INFO o.a.j.t.JMeterThread: Thread is done: Ticket intake 1-293
2026-10-09 11:19:59,880 INFO o.a.j.t.JMeterThread: Thread finished: Ticket intake 1-293
2026-10-09 11:20:00,776 INFO o.a.j.t.JMeterThread: Thread started: Ticket intake 1-331
2026-10-09 11:20:00,808 INFO o.a.j.t.JMeterThread: Thread started: Ticket intake 1-332
2026-10-09 11:20:00,809 INFO o.a.j.t.JMeterThread: Thread started: Ticket intake 1-333
2026-10-09 11:20:01,309 INFO o.a.j.r.Summariser: summary +     17 in 00:00:30 =    0.6/s Avg: 65147 Min: 60892 Max: 68592 Err:     0 (0.00%) Active: 40 Started: 333 Finished: 293
2026-10-09 11:20:01,310 INFO o.a.j.r.Summariser: summary =    294 in 00:13:29 =    0.4/s Avg: 19395 Min:   863 Max: 68592 Err:     0 (0.00%)
2026-10-09 11:20:01,310 INFO o.a.j.t.JMeterThread: Thread is done: Ticket intake 1-294
2026-10-09 11:20:01,310 INFO o.a.j.t.JMeterThread: Thread finished: Ticket intake 1-294
2026-10-09 11:20:02,498 INFO o.a.j.t.JMeterThread: Thread is done: Ticket intake 1-295
2026-10-09 11:20:02,498 INFO o.a.j.t.JMeterThread: Thread finished: Ticket intake 1-295
2026-10-09 11:20:04,067 INFO o.a.j.t.JMeterThread: Thread is done: Ticket intake 1-296
2026-10-09 11:20:04,067 INFO o.a.j.t.JMeterThread: Thread finished: Ticket intake 1-296
2026-10-09 11:20:05,553 INFO o.a.j.t.JMeterThread: Thread started: Ticket intake 1-334
2026-10-09 11:20:06,445 INFO o.a.j.t.JMeterThread: Thread is done: Ticket intake 1-297
2026-10-09 11:20:06,445 INFO o.a.j.t.JMeterThread: Thread finished: Ticket intake 1-297
2026-10-09 11:20:07,391 INFO o.a.j.t.JMeterThread: Thread is done: Ticket intake 1-298
2026-10-09 11:20:07,391 INFO o.a.j.t.JMeterThread: Thread finished: Ticket intake 1-298
2026-10-09 11:20:07,591 INFO o.a.j.t.JMeterThread: Thread started: Ticket intake 1-335
2026-10-09 11:20:08,630 INFO o.a.j.t.JMeterThread: Thread is done: Ticket intake 1-299
2026-10-09 11:20:08,630 INFO o.a.j.t.JMeterThread: Thread finished: Ticket intake 1-299
2026-10-09 11:20:08,909 INFO o.a.j.t.JMeterThread: Thread started: Ticket intake 1-336
2026-10-09 11:20:10,973 INFO o.a.j.t.JMeterThread: Thread is done: Ticket intake 1-300
2026-10-09 11:20:10,973 INFO o.a.j.t.JMeterThread: Thread finished: Ticket intake 1-300
2026-10-09 11:20:11,367 INFO o.a.j.t.JMeterThread: Thread started: Ticket intake 1-337
2026-10-09 11:20:12,409 INFO o.a.j.t.JMeterThread: Thread is done: Ticket intake 1-301
2026-10-09 11:20:12,409 INFO o.a.j.t.JMeterThread: Thread finished: Ticket intake 1-301
2026-10-09 11:20:13,519 INFO o.a.j.t.JMeterThread: Thread started: Ticket intake 1-338
2026-10-09 11:20:14,093 INFO o.a.j.t.JMeterThread: Thread is done: Ticket intake 1-302
2026-10-09 11:20:14,093 INFO o.a.j.t.JMeterThread: Thread finished: Ticket intake 1-302
2026-10-09 11:20:15,586 INFO o.a.j.t.JMeterThread: Thread is done: Ticket intake 1-303
2026-10-09 11:20:15,586 INFO o.a.j.t.JMeterThread: Thread finished: Ticket intake 1-303
2026-10-09 11:20:15,588 INFO o.a.j.t.JMeterThread: Thread started: Ticket intake 1-339
2026-10-09 11:20:15,617 INFO o.a.j.t.JMeterThread: Thread started: Ticket intake 1-340
2026-10-09 11:20:15,833 INFO o.a.j.t.JMeterThread: Thread started: Ticket intake 1-341
2026-10-09 11:20:15,986 INFO o.a.j.t.JMeterThread: Thread started: Ticket intake 1-342
2026-10-09 11:20:16,346 INFO o.a.j.t.JMeterThread: Thread started: Ticket intake 1-343
2026-10-09 11:20:17,535 INFO o.a.j.t.JMeterThread: Thread started: Ticket intake 1-344
2026-10-09 11:20:18,429 INFO o.a.j.t.JMeterThread: Thread is done: Ticket intake 1-304
2026-10-09 11:20:18,431 INFO o.a.j.t.JMeterThread: Thread finished: Ticket intake 1-304
2026-10-09 11:20:19,387 INFO o.a.j.t.JMeterThread: Thread is done: Ticket intake 1-305
2026-10-09 11:20:19,387 INFO o.a.j.t.JMeterThread: Thread finished: Ticket intake 1-305
2026-10-09 11:20:21,533 INFO o.a.j.t.JMeterThread: Thread is done: Ticket intake 1-306
2026-10-09 11:20:21,534 INFO o.a.j.t.JMeterThread: Thread finished: Ticket intake 1-306
2026-10-09 11:20:22,002 INFO o.a.j.t.JMeterThread: Thread started: Ticket intake 1-345
2026-10-09 11:20:22,578 INFO o.a.j.t.JMeterThread: Thread started: Ticket intake 1-346
2026-10-09 11:20:23,369 INFO o.a.j.t.JMeterThread: Thread is done: Ticket intake 1-307
2026-10-09 11:20:23,369 INFO o.a.j.t.JMeterThread: Thread finished: Ticket intake 1-307
2026-10-09 11:20:23,377 INFO o.a.j.t.JMeterThread: Thread started: Ticket intake 1-347
2026-10-09 11:20:24,280 INFO o.a.j.t.JMeterThread: Thread started: Ticket intake 1-348
2026-10-09 11:20:25,450 INFO o.a.j.t.JMeterThread: Thread started: Ticket intake 1-349
2026-10-09 11:20:25,937 INFO o.a.j.t.JMeterThread: Thread started: Ticket intake 1-350
2026-10-09 11:20:26,197 INFO o.a.j.t.JMeterThread: Thread started: Ticket intake 1-351
2026-10-09 11:20:26,225 INFO o.a.j.t.JMeterThread: Thread is done: Ticket intake 1-308
2026-10-09 11:20:26,225 INFO o.a.j.t.JMeterThread: Thread finished: Ticket intake 1-308
2026-10-09 11:20:26,231 INFO o.a.j.t.JMeterThread: Thread started: Ticket intake 1-352
2026-10-09 11:20:26,260 INFO o.a.j.t.JMeterThread: Thread started: Ticket intake 1-353
2026-10-09 11:20:28,008 INFO o.a.j.t.JMeterThread: Thread started: Ticket intake 1-354
2026-10-09 11:20:28,008 INFO o.a.j.t.JMeterThread: Thread is done: Ticket intake 1-309
2026-10-09 11:20:28,008 INFO o.a.j.t.JMeterThread: Thread finished: Ticket intake 1-309
2026-10-09 11:20:29,906 INFO o.a.j.t.JMeterThread: Thread started: Ticket intake 1-355
2026-10-09 11:20:30,456 INFO o.a.j.t.JMeterThread: Thread started: Ticket intake 1-356
2026-10-09 11:20:30,849 INFO o.a.j.r.Summariser: summary +     16 in 00:00:30 =    0.5/s Avg: 63807 Min: 60695 Max: 67102 Err:     0 (0.00%) Active: 47 Started: 356 Finished: 309
2026-10-09 11:20:30,850 INFO o.a.j.r.Summariser: summary =    310 in 00:13:58 =    0.4/s Avg: 21687 Min:   863 Max: 68592 Err:     0 (0.00%)
2026-10-09 11:20:30,851 INFO o.a.j.t.JMeterThread: Thread is done: Ticket intake 1-310
2026-10-09 11:20:30,851 INFO o.a.j.t.JMeterThread: Thread finished: Ticket intake 1-310
2026-10-09 11:20:31,230 INFO o.a.j.t.JMeterThread: Thread started: Ticket intake 1-357
2026-10-09 11:20:31,871 INFO o.a.j.t.JMeterThread: Thread is done: Ticket intake 1-311
2026-10-09 11:20:31,871 INFO o.a.j.t.JMeterThread: Thread finished: Ticket intake 1-311
2026-10-09 11:20:32,933 INFO o.a.j.t.JMeterThread: Thread started: Ticket intake 1-358
2026-10-09 11:20:33,874 INFO o.a.j.t.JMeterThread: Thread is done: Ticket intake 1-312
2026-10-09 11:20:33,874 INFO o.a.j.t.JMeterThread: Thread finished: Ticket intake 1-312
2026-10-09 11:20:35,650 INFO o.a.j.t.JMeterThread: Thread started: Ticket intake 1-359
2026-10-09 11:20:35,770 INFO o.a.j.t.JMeterThread: Thread started: Ticket intake 1-360
2026-10-09 11:20:35,934 INFO o.a.j.t.JMeterThread: Thread started: Ticket intake 1-361
2026-10-09 11:20:36,616 INFO o.a.j.t.JMeterThread: Thread is done: Ticket intake 1-313
2026-10-09 11:20:36,616 INFO o.a.j.t.JMeterThread: Thread finished: Ticket intake 1-313
2026-10-09 11:20:36,759 INFO o.a.j.t.JMeterThread: Thread started: Ticket intake 1-362
2026-10-09 11:20:37,386 INFO o.a.j.t.JMeterThread: Thread started: Ticket intake 1-363
2026-10-09 11:20:37,609 INFO o.a.j.t.JMeterThread: Thread is done: Ticket intake 1-314
2026-10-09 11:20:37,610 INFO o.a.j.t.JMeterThread: Thread finished: Ticket intake 1-314
2026-10-09 11:20:37,813 INFO o.a.j.t.JMeterThread: Thread started: Ticket intake 1-364
2026-10-09 11:20:38,921 INFO o.a.j.t.JMeterThread: Thread started: Ticket intake 1-365
2026-10-09 11:20:39,161 INFO o.a.j.t.JMeterThread: Thread is done: Ticket intake 1-315
2026-10-09 11:20:39,161 INFO o.a.j.t.JMeterThread: Thread finished: Ticket intake 1-315
2026-10-09 11:20:40,684 INFO o.a.j.t.JMeterThread: Thread started: Ticket intake 1-366
2026-10-09 11:20:41,019 INFO o.a.j.t.JMeterThread: Thread is done: Ticket intake 1-316
2026-10-09 11:20:41,019 INFO o.a.j.t.JMeterThread: Thread finished: Ticket intake 1-316
2026-10-09 11:20:41,077 INFO o.a.j.t.JMeterThread: Thread started: Ticket intake 1-367
2026-10-09 11:20:41,095 INFO o.a.j.t.JMeterThread: Thread started: Ticket intake 1-368
2026-10-09 11:20:41,357 INFO o.a.j.t.JMeterThread: Thread started: Ticket intake 1-369
2026-10-09 11:20:42,300 INFO o.a.j.t.JMeterThread: Thread is done: Ticket intake 1-317
2026-10-09 11:20:42,300 INFO o.a.j.t.JMeterThread: Thread finished: Ticket intake 1-317
2026-10-09 11:20:43,595 INFO o.a.j.t.JMeterThread: Thread is done: Ticket intake 1-318
2026-10-09 11:20:43,595 INFO o.a.j.t.JMeterThread: Thread finished: Ticket intake 1-318
2026-10-09 11:20:44,944 INFO o.a.j.t.JMeterThread: Thread is done: Ticket intake 1-319
2026-10-09 11:20:44,945 INFO o.a.j.t.JMeterThread: Thread finished: Ticket intake 1-319
2026-10-09 11:20:45,010 INFO o.a.j.t.JMeterThread: Thread started: Ticket intake 1-370
2026-10-09 11:20:46,881 INFO o.a.j.t.JMeterThread: Thread is done: Ticket intake 1-320
2026-10-09 11:20:46,881 INFO o.a.j.t.JMeterThread: Thread finished: Ticket intake 1-320
2026-10-09 11:20:47,279 INFO o.a.j.t.JMeterThread: Thread started: Ticket intake 1-371
2026-10-09 11:20:48,222 INFO o.a.j.t.JMeterThread: Thread is done: Ticket intake 1-321
2026-10-09 11:20:48,223 INFO o.a.j.t.JMeterThread: Thread finished: Ticket intake 1-321
2026-10-09 11:20:50,158 INFO o.a.j.t.JMeterThread: Thread is done: Ticket intake 1-322
2026-10-09 11:20:50,158 INFO o.a.j.t.JMeterThread: Thread finished: Ticket intake 1-322
2026-10-09 11:20:50,336 INFO o.a.j.t.JMeterThread: Thread started: Ticket intake 1-372
2026-10-09 11:20:51,872 INFO o.a.j.t.JMeterThread: Thread started: Ticket intake 1-373
2026-10-09 11:20:52,126 INFO o.a.j.t.JMeterThread: Thread started: Ticket intake 1-374
2026-10-09 11:20:52,471 INFO o.a.j.t.JMeterThread: Thread is done: Ticket intake 1-323
2026-10-09 11:20:52,471 INFO o.a.j.t.JMeterThread: Thread finished: Ticket intake 1-323
2026-10-09 11:20:54,589 INFO o.a.j.t.JMeterThread: Thread is done: Ticket intake 1-324
2026-10-09 11:20:54,589 INFO o.a.j.t.JMeterThread: Thread finished: Ticket intake 1-324
2026-10-09 11:20:54,872 INFO o.a.j.t.JMeterThread: Thread started: Ticket intake 1-375
2026-10-09 11:20:54,946 INFO o.a.j.t.JMeterThread: Thread started: Ticket intake 1-376
2026-10-09 11:20:56,441 INFO o.a.j.t.JMeterThread: Thread is done: Ticket intake 1-325
2026-10-09 11:20:56,441 INFO o.a.j.t.JMeterThread: Thread finished: Ticket intake 1-325
2026-10-09 11:20:56,731 INFO o.a.j.t.JMeterThread: Thread started: Ticket intake 1-377
2026-10-09 11:20:57,071 INFO o.a.j.t.JMeterThread: Thread started: Ticket intake 1-378
2026-10-09 11:20:57,331 INFO o.a.j.t.JMeterThread: Thread started: Ticket intake 1-379
2026-10-09 11:20:58,578 INFO o.a.j.t.JMeterThread: Thread started: Ticket intake 1-380
2026-10-09 11:20:58,590 INFO o.a.j.t.JMeterThread: Thread is done: Ticket intake 1-326
2026-10-09 11:20:58,590 INFO o.a.j.t.JMeterThread: Thread finished: Ticket intake 1-326
2026-10-09 11:21:01,227 INFO o.a.j.r.Summariser: summary +     17 in 00:00:30 =    0.6/s Avg: 64907 Min: 62781 Max: 67907 Err:     0 (0.00%) Active: 54 Started: 380 Finished: 326
2026-10-09 11:21:01,228 INFO o.a.j.r.Summariser: summary =    327 in 00:14:29 =    0.4/s Avg: 23934 Min:   863 Max: 68592 Err:     0 (0.00%)
2026-10-09 11:21:01,228 INFO o.a.j.t.JMeterThread: Thread is done: Ticket intake 1-327
2026-10-09 11:21:01,228 INFO o.a.j.t.JMeterThread: Thread finished: Ticket intake 1-327
2026-10-09 11:21:01,320 INFO o.a.j.t.JMeterThread: Thread started: Ticket intake 1-381
2026-10-09 11:21:01,710 INFO o.a.j.t.JMeterThread: Thread started: Ticket intake 1-382
2026-10-09 11:21:02,963 INFO o.a.j.t.JMeterThread: Thread is done: Ticket intake 1-328
2026-10-09 11:21:02,963 INFO o.a.j.t.JMeterThread: Thread finished: Ticket intake 1-328
2026-10-09 11:21:03,809 INFO o.a.j.t.JMeterThread: Thread started: Ticket intake 1-383
2026-10-09 11:21:04,325 INFO o.a.j.t.JMeterThread: Thread started: Ticket intake 1-384
2026-10-09 11:21:04,473 INFO o.a.j.t.JMeterThread: Thread started: Ticket intake 1-385
2026-10-09 11:21:05,349 INFO o.a.j.t.JMeterThread: Thread is done: Ticket intake 1-329
2026-10-09 11:21:05,351 INFO o.a.j.t.JMeterThread: Thread finished: Ticket intake 1-329
2026-10-09 11:21:07,269 INFO o.a.j.t.JMeterThread: Thread is done: Ticket intake 1-330
2026-10-09 11:21:07,269 INFO o.a.j.t.JMeterThread: Thread finished: Ticket intake 1-330
2026-10-09 11:21:07,841 INFO o.a.j.t.JMeterThread: Thread started: Ticket intake 1-386
2026-10-09 11:21:07,971 INFO o.a.j.t.JMeterThread: Thread started: Ticket intake 1-387
2026-10-09 11:21:08,459 INFO o.a.j.t.JMeterThread: Thread started: Ticket intake 1-388
2026-10-09 11:21:09,036 INFO o.a.j.t.JMeterThread: Thread is done: Ticket intake 1-331
2026-10-09 11:21:09,036 INFO o.a.j.t.JMeterThread: Thread finished: Ticket intake 1-331
2026-10-09 11:21:10,460 INFO o.a.j.t.JMeterThread: Thread is done: Ticket intake 1-333
2026-10-09 11:21:10,460 INFO o.a.j.t.JMeterThread: Thread finished: Ticket intake 1-333
2026-10-09 11:21:10,955 INFO o.a.j.t.JMeterThread: Thread started: Ticket intake 1-389
2026-10-09 11:21:11,414 INFO o.a.j.t.JMeterThread: Thread started: Ticket intake 1-390
2026-10-09 11:21:11,420 INFO o.a.j.t.JMeterThread: Thread started: Ticket intake 1-391
2026-10-09 11:21:11,672 INFO o.a.j.t.JMeterThread: Thread started: Ticket intake 1-392
2026-10-09 11:21:12,598 INFO o.a.j.t.JMeterThread: Thread started: Ticket intake 1-393
2026-10-09 11:21:12,725 INFO o.a.j.t.JMeterThread: Thread started: Ticket intake 1-394
2026-10-09 11:21:12,892 INFO o.a.j.t.JMeterThread: Thread is done: Ticket intake 1-332
2026-10-09 11:21:12,892 INFO o.a.j.t.JMeterThread: Thread finished: Ticket intake 1-332
2026-10-09 11:21:14,365 INFO o.a.j.t.JMeterThread: Thread is done: Ticket intake 1-334
2026-10-09 11:21:14,366 INFO o.a.j.t.JMeterThread: Thread finished: Ticket intake 1-334
2026-10-09 11:21:15,901 INFO o.a.j.t.JMeterThread: Thread is done: Ticket intake 1-335
2026-10-09 11:21:15,901 INFO o.a.j.t.JMeterThread: Thread finished: Ticket intake 1-335
2026-10-09 11:21:16,500 INFO o.a.j.t.JMeterThread: Thread started: Ticket intake 1-395
2026-10-09 11:21:17,748 INFO o.a.j.t.JMeterThread: Thread started: Ticket intake 1-396
2026-10-09 11:21:19,030 INFO o.a.j.t.JMeterThread: Thread is done: Ticket intake 1-336
2026-10-09 11:21:19,030 INFO o.a.j.t.JMeterThread: Thread finished: Ticket intake 1-336
2026-10-09 11:21:19,351 INFO o.a.j.t.JMeterThread: Thread started: Ticket intake 1-397
2026-10-09 11:21:20,366 INFO o.a.j.t.JMeterThread: Thread is done: Ticket intake 1-337
2026-10-09 11:21:20,367 INFO o.a.j.t.JMeterThread: Thread finished: Ticket intake 1-337
2026-10-09 11:21:21,149 INFO o.a.j.t.JMeterThread: Thread started: Ticket intake 1-398
2026-10-09 11:21:21,827 INFO o.a.j.t.JMeterThread: Thread is done: Ticket intake 1-338
2026-10-09 11:21:21,827 INFO o.a.j.t.JMeterThread: Thread finished: Ticket intake 1-338
2026-10-09 11:21:23,384 INFO o.a.j.t.JMeterThread: Thread is done: Ticket intake 1-339
2026-10-09 11:21:23,384 INFO o.a.j.t.JMeterThread: Thread finished: Ticket intake 1-339
2026-10-09 11:21:25,567 INFO o.a.j.t.JMeterThread: Thread is done: Ticket intake 1-340
2026-10-09 11:21:25,567 INFO o.a.j.t.JMeterThread: Thread finished: Ticket intake 1-340
2026-10-09 11:21:26,801 INFO o.a.j.t.JMeterThread: Thread started: Ticket intake 1-399
2026-10-09 11:21:27,151 INFO o.a.j.t.JMeterThread: Thread is done: Ticket intake 1-341
2026-10-09 11:21:27,151 INFO o.a.j.t.JMeterThread: Thread finished: Ticket intake 1-341
2026-10-09 11:21:27,577 INFO o.a.j.t.JMeterThread: Thread started: Ticket intake 1-400
2026-10-09 11:21:28,287 INFO o.a.j.t.JMeterThread: Thread started: Ticket intake 1-401
2026-10-09 11:21:28,824 INFO o.a.j.t.JMeterThread: Thread is done: Ticket intake 1-342
2026-10-09 11:21:28,824 INFO o.a.j.t.JMeterThread: Thread finished: Ticket intake 1-342
2026-10-09 11:21:29,468 INFO o.a.j.t.JMeterThread: Thread started: Ticket intake 1-402
2026-10-09 11:21:30,062 INFO o.a.j.t.JMeterThread: Thread started: Ticket intake 1-403
2026-10-09 11:21:30,628 INFO o.a.j.r.Summariser: summary +     16 in 00:00:29 =    0.5/s Avg: 69455 Min: 66011 Max: 74281 Err:     0 (0.00%) Active: 61 Started: 403 Finished: 342
2026-10-09 11:21:30,628 INFO o.a.j.r.Summariser: summary =    343 in 00:14:58 =    0.4/s Avg: 26057 Min:   863 Max: 74281 Err:     0 (0.00%)
2026-10-09 11:21:30,629 INFO o.a.j.t.JMeterThread: Thread is done: Ticket intake 1-343
2026-10-09 11:21:30,629 INFO o.a.j.t.JMeterThread: Thread finished: Ticket intake 1-343
2026-10-09 11:21:31,736 INFO o.a.j.t.JMeterThread: Thread started: Ticket intake 1-404
2026-10-09 11:21:31,816 INFO o.a.j.t.o.EvenArrivalsRamp: Generating 0 events, beginRate = 0.0 / sec, endRate = 0.0 / sec, duration = 240.0 sec
2026-10-09 11:21:31,816 INFO o.a.j.t.o.OpenModelThreadGroup: There will be no more events, so will wait for 240 sec till the end of the schedule
2026-10-09 11:21:31,816 INFO o.a.j.t.JMeterThread: Thread started: Ticket intake 1-405
2026-10-09 11:21:32,312 INFO o.a.j.t.JMeterThread: Thread is done: Ticket intake 1-344
2026-10-09 11:21:32,312 INFO o.a.j.t.JMeterThread: Thread finished: Ticket intake 1-344
2026-10-09 11:21:34,579 INFO o.a.j.t.JMeterThread: Thread is done: Ticket intake 1-345
2026-10-09 11:21:34,579 INFO o.a.j.t.JMeterThread: Thread finished: Ticket intake 1-345
2026-10-09 11:21:37,172 INFO o.a.j.t.JMeterThread: Thread is done: Ticket intake 1-346
2026-10-09 11:21:37,172 INFO o.a.j.t.JMeterThread: Thread finished: Ticket intake 1-346
2026-10-09 11:21:39,794 INFO o.a.j.t.JMeterThread: Thread is done: Ticket intake 1-347
2026-10-09 11:21:39,794 INFO o.a.j.t.JMeterThread: Thread finished: Ticket intake 1-347
2026-10-09 11:21:41,507 INFO o.a.j.t.JMeterThread: Thread is done: Ticket intake 1-348
2026-10-09 11:21:41,507 INFO o.a.j.t.JMeterThread: Thread finished: Ticket intake 1-348
2026-10-09 11:21:42,887 INFO o.a.j.t.JMeterThread: Thread is done: Ticket intake 1-349
2026-10-09 11:21:42,887 INFO o.a.j.t.JMeterThread: Thread finished: Ticket intake 1-349
2026-10-09 11:21:45,035 INFO o.a.j.t.JMeterThread: Thread is done: Ticket intake 1-350
2026-10-09 11:21:45,035 INFO o.a.j.t.JMeterThread: Thread finished: Ticket intake 1-350
2026-10-09 11:21:47,699 INFO o.a.j.t.JMeterThread: Thread is done: Ticket intake 1-351
2026-10-09 11:21:47,699 INFO o.a.j.t.JMeterThread: Thread finished: Ticket intake 1-351
2026-10-09 11:21:49,424 INFO o.a.j.t.JMeterThread: Thread is done: Ticket intake 1-352
2026-10-09 11:21:49,424 INFO o.a.j.t.JMeterThread: Thread finished: Ticket intake 1-352
2026-10-09 11:21:51,631 INFO o.a.j.t.JMeterThread: Thread is done: Ticket intake 1-353
2026-10-09 11:21:51,631 INFO o.a.j.t.JMeterThread: Thread finished: Ticket intake 1-353
2026-10-09 11:21:54,838 INFO o.a.j.t.JMeterThread: Thread is done: Ticket intake 1-354
2026-10-09 11:21:54,838 INFO o.a.j.t.JMeterThread: Thread finished: Ticket intake 1-354
2026-10-09 11:21:56,231 INFO o.a.j.t.JMeterThread: Thread is done: Ticket intake 1-355
2026-10-09 11:21:56,231 INFO o.a.j.t.JMeterThread: Thread finished: Ticket intake 1-355
2026-10-09 11:21:58,351 INFO o.a.j.t.JMeterThread: Thread is done: Ticket intake 1-356
2026-10-09 11:21:58,351 INFO o.a.j.t.JMeterThread: Thread finished: Ticket intake 1-356
2026-10-09 11:21:59,771 INFO o.a.j.t.JMeterThread: Thread is done: Ticket intake 1-357
2026-10-09 11:21:59,771 INFO o.a.j.t.JMeterThread: Thread finished: Ticket intake 1-357
2026-10-09 11:22:01,058 INFO o.a.j.r.Summariser: summary +     15 in 00:00:30 =    0.5/s Avg: 81325 Min: 72576 Max: 88541 Err:     0 (0.00%) Active: 48 Started: 405 Finished: 357
2026-10-09 11:22:01,059 INFO o.a.j.r.Summariser: summary =    358 in 00:15:29 =    0.4/s Avg: 28373 Min:   863 Max: 88541 Err:     0 (0.00%)
2026-10-09 11:22:01,059 INFO o.a.j.t.JMeterThread: Thread is done: Ticket intake 1-358
2026-10-09 11:22:01,059 INFO o.a.j.t.JMeterThread: Thread finished: Ticket intake 1-358
2026-10-09 11:22:02,862 INFO o.a.j.t.JMeterThread: Thread is done: Ticket intake 1-359
2026-10-09 11:22:02,862 INFO o.a.j.t.JMeterThread: Thread finished: Ticket intake 1-359
2026-10-09 11:22:04,881 INFO o.a.j.t.JMeterThread: Thread is done: Ticket intake 1-360
2026-10-09 11:22:04,882 INFO o.a.j.t.JMeterThread: Thread finished: Ticket intake 1-360
2026-10-09 11:22:07,729 INFO o.a.j.t.JMeterThread: Thread is done: Ticket intake 1-361
2026-10-09 11:22:07,729 INFO o.a.j.t.JMeterThread: Thread finished: Ticket intake 1-361
2026-10-09 11:22:10,593 INFO o.a.j.t.JMeterThread: Thread is done: Ticket intake 1-362
2026-10-09 11:22:10,593 INFO o.a.j.t.JMeterThread: Thread finished: Ticket intake 1-362
2026-10-09 11:22:11,904 INFO o.a.j.t.JMeterThread: Thread is done: Ticket intake 1-363
2026-10-09 11:22:11,904 INFO o.a.j.t.JMeterThread: Thread finished: Ticket intake 1-363
2026-10-09 11:22:13,260 INFO o.a.j.t.JMeterThread: Thread is done: Ticket intake 1-364
2026-10-09 11:22:13,260 INFO o.a.j.t.JMeterThread: Thread finished: Ticket intake 1-364
2026-10-09 11:22:14,640 INFO o.a.j.t.JMeterThread: Thread is done: Ticket intake 1-365
2026-10-09 11:22:14,640 INFO o.a.j.t.JMeterThread: Thread finished: Ticket intake 1-365
2026-10-09 11:22:16,212 INFO o.a.j.t.JMeterThread: Thread is done: Ticket intake 1-366
2026-10-09 11:22:16,212 INFO o.a.j.t.JMeterThread: Thread finished: Ticket intake 1-366
2026-10-09 11:22:17,884 INFO o.a.j.t.JMeterThread: Thread is done: Ticket intake 1-367
2026-10-09 11:22:17,884 INFO o.a.j.t.JMeterThread: Thread finished: Ticket intake 1-367
2026-10-09 11:22:19,989 INFO o.a.j.t.JMeterThread: Thread is done: Ticket intake 1-368
2026-10-09 11:22:19,989 INFO o.a.j.t.JMeterThread: Thread finished: Ticket intake 1-368
2026-10-09 11:22:22,208 INFO o.a.j.t.JMeterThread: Thread is done: Ticket intake 1-369
2026-10-09 11:22:22,208 INFO o.a.j.t.JMeterThread: Thread finished: Ticket intake 1-369
2026-10-09 11:22:23,298 INFO o.a.j.t.JMeterThread: Thread is done: Ticket intake 1-370
2026-10-09 11:22:23,298 INFO o.a.j.t.JMeterThread: Thread finished: Ticket intake 1-370
2026-10-09 11:22:24,391 INFO o.a.j.t.JMeterThread: Thread is done: Ticket intake 1-371
2026-10-09 11:22:24,391 INFO o.a.j.t.JMeterThread: Thread finished: Ticket intake 1-371
2026-10-09 11:22:26,084 INFO o.a.j.t.JMeterThread: Thread is done: Ticket intake 1-372
2026-10-09 11:22:26,084 INFO o.a.j.t.JMeterThread: Thread finished: Ticket intake 1-372
2026-10-09 11:22:29,226 INFO o.a.j.t.JMeterThread: Thread is done: Ticket intake 1-373
2026-10-09 11:22:29,226 INFO o.a.j.t.JMeterThread: Thread finished: Ticket intake 1-373
2026-10-09 11:22:31,863 INFO o.a.j.r.Summariser: summary +     16 in 00:00:31 =    0.5/s Avg: 95495 Min: 87210 Max: 100848 Err:     0 (0.00%) Active: 32 Started: 405 Finished: 373
2026-10-09 11:22:31,864 INFO o.a.j.r.Summariser: summary =    374 in 00:15:59 =    0.4/s Avg: 31245 Min:   863 Max: 100848 Err:     0 (0.00%)
2026-10-09 11:22:31,864 INFO o.a.j.t.JMeterThread: Thread is done: Ticket intake 1-374
2026-10-09 11:22:31,864 INFO o.a.j.t.JMeterThread: Thread finished: Ticket intake 1-374
2026-10-09 11:22:35,260 INFO o.a.j.t.JMeterThread: Thread is done: Ticket intake 1-375
2026-10-09 11:22:35,260 INFO o.a.j.t.JMeterThread: Thread finished: Ticket intake 1-375
2026-10-09 11:22:37,059 INFO o.a.j.t.JMeterThread: Thread is done: Ticket intake 1-376
2026-10-09 11:22:37,059 INFO o.a.j.t.JMeterThread: Thread finished: Ticket intake 1-376
2026-10-09 11:22:38,957 INFO o.a.j.t.JMeterThread: Thread is done: Ticket intake 1-377
2026-10-09 11:22:38,957 INFO o.a.j.t.JMeterThread: Thread finished: Ticket intake 1-377
2026-10-09 11:22:41,971 INFO o.a.j.t.JMeterThread: Thread is done: Ticket intake 1-378
2026-10-09 11:22:41,971 INFO o.a.j.t.JMeterThread: Thread finished: Ticket intake 1-378
2026-10-09 11:22:44,724 INFO o.a.j.t.JMeterThread: Thread is done: Ticket intake 1-379
2026-10-09 11:22:44,725 INFO o.a.j.t.JMeterThread: Thread finished: Ticket intake 1-379
2026-10-09 11:22:48,413 INFO o.a.j.t.JMeterThread: Thread is done: Ticket intake 1-380
2026-10-09 11:22:48,413 INFO o.a.j.t.JMeterThread: Thread finished: Ticket intake 1-380
2026-10-09 11:22:50,856 INFO o.a.j.t.JMeterThread: Thread is done: Ticket intake 1-381
2026-10-09 11:22:50,856 INFO o.a.j.t.JMeterThread: Thread finished: Ticket intake 1-381
2026-10-09 11:22:52,243 INFO o.a.j.t.JMeterThread: Thread is done: Ticket intake 1-382
2026-10-09 11:22:52,243 INFO o.a.j.t.JMeterThread: Thread finished: Ticket intake 1-382
2026-10-09 11:22:54,249 INFO o.a.j.t.JMeterThread: Thread is done: Ticket intake 1-383
2026-10-09 11:22:54,249 INFO o.a.j.t.JMeterThread: Thread finished: Ticket intake 1-383
2026-10-09 11:22:55,623 INFO o.a.j.t.JMeterThread: Thread is done: Ticket intake 1-384
2026-10-09 11:22:55,623 INFO o.a.j.t.JMeterThread: Thread finished: Ticket intake 1-384
2026-10-09 11:22:57,033 INFO o.a.j.t.JMeterThread: Thread is done: Ticket intake 1-385
2026-10-09 11:22:57,033 INFO o.a.j.t.JMeterThread: Thread finished: Ticket intake 1-385
2026-10-09 11:22:58,388 INFO o.a.j.t.JMeterThread: Thread is done: Ticket intake 1-386
2026-10-09 11:22:58,388 INFO o.a.j.t.JMeterThread: Thread finished: Ticket intake 1-386
2026-10-09 11:22:59,947 INFO o.a.j.t.JMeterThread: Thread is done: Ticket intake 1-387
2026-10-09 11:22:59,947 INFO o.a.j.t.JMeterThread: Thread finished: Ticket intake 1-387
2026-10-09 11:23:01,338 INFO o.a.j.r.Summariser: summary +     14 in 00:00:29 =    0.5/s Avg: 108329 Min: 100387 Max: 112878 Err:     0 (0.00%) Active: 18 Started: 405 Finished: 387
2026-10-09 11:23:01,338 INFO o.a.j.r.Summariser: summary =    388 in 00:16:29 =    0.4/s Avg: 34026 Min:   863 Max: 112878 Err:     0 (0.00%)
2026-10-09 11:23:01,339 INFO o.a.j.t.JMeterThread: Thread is done: Ticket intake 1-388
2026-10-09 11:23:01,339 INFO o.a.j.t.JMeterThread: Thread finished: Ticket intake 1-388
2026-10-09 11:23:02,815 INFO o.a.j.t.JMeterThread: Thread is done: Ticket intake 1-389
2026-10-09 11:23:02,815 INFO o.a.j.t.JMeterThread: Thread finished: Ticket intake 1-389
2026-10-09 11:23:06,035 INFO o.a.j.t.JMeterThread: Thread is done: Ticket intake 1-390
2026-10-09 11:23:06,036 INFO o.a.j.t.JMeterThread: Thread finished: Ticket intake 1-390
2026-10-09 11:23:08,800 INFO o.a.j.t.JMeterThread: Thread is done: Ticket intake 1-391
2026-10-09 11:23:08,802 INFO o.a.j.t.JMeterThread: Thread finished: Ticket intake 1-391
2026-10-09 11:23:11,902 INFO o.a.j.t.JMeterThread: Thread is done: Ticket intake 1-392
2026-10-09 11:23:11,902 INFO o.a.j.t.JMeterThread: Thread finished: Ticket intake 1-392
2026-10-09 11:23:14,160 INFO o.a.j.t.JMeterThread: Thread is done: Ticket intake 1-393
2026-10-09 11:23:14,160 INFO o.a.j.t.JMeterThread: Thread finished: Ticket intake 1-393
2026-10-09 11:23:15,686 INFO o.a.j.t.JMeterThread: Thread is done: Ticket intake 1-394
2026-10-09 11:23:15,686 INFO o.a.j.t.JMeterThread: Thread finished: Ticket intake 1-394
2026-10-09 11:23:17,761 INFO o.a.j.t.JMeterThread: Thread is done: Ticket intake 1-395
2026-10-09 11:23:17,761 INFO o.a.j.t.JMeterThread: Thread finished: Ticket intake 1-395
2026-10-09 11:23:19,076 INFO o.a.j.t.JMeterThread: Thread is done: Ticket intake 1-396
2026-10-09 11:23:19,076 INFO o.a.j.t.JMeterThread: Thread finished: Ticket intake 1-396
2026-10-09 11:23:20,505 INFO o.a.j.t.JMeterThread: Thread is done: Ticket intake 1-397
2026-10-09 11:23:20,505 INFO o.a.j.t.JMeterThread: Thread finished: Ticket intake 1-397
2026-10-09 11:23:22,672 INFO o.a.j.t.JMeterThread: Thread is done: Ticket intake 1-398
2026-10-09 11:23:22,672 INFO o.a.j.t.JMeterThread: Thread finished: Ticket intake 1-398
2026-10-09 11:23:25,897 INFO o.a.j.t.JMeterThread: Thread is done: Ticket intake 1-399
2026-10-09 11:23:25,897 INFO o.a.j.t.JMeterThread: Thread finished: Ticket intake 1-399
2026-10-09 11:23:28,900 INFO o.a.j.t.JMeterThread: Thread is done: Ticket intake 1-400
2026-10-09 11:23:28,900 INFO o.a.j.t.JMeterThread: Thread finished: Ticket intake 1-400
2026-10-09 11:23:29,985 INFO o.a.j.t.JMeterThread: Thread is done: Ticket intake 1-401
2026-10-09 11:23:29,985 INFO o.a.j.t.JMeterThread: Thread finished: Ticket intake 1-401
2026-10-09 11:23:31,527 INFO o.a.j.r.Summariser: summary +     14 in 00:00:30 =    0.5/s Avg: 119860 Min: 111859 Max: 122960 Err:     0 (0.00%) Active: 4 Started: 405 Finished: 401
2026-10-09 11:23:31,527 INFO o.a.j.r.Summariser: summary =    402 in 00:16:59 =    0.4/s Avg: 37015 Min:   863 Max: 122960 Err:     0 (0.00%)
2026-10-09 11:23:31,527 INFO o.a.j.t.JMeterThread: Thread is done: Ticket intake 1-402
2026-10-09 11:23:31,527 INFO o.a.j.t.JMeterThread: Thread finished: Ticket intake 1-402
2026-10-09 11:23:33,778 INFO o.a.j.t.JMeterThread: Thread is done: Ticket intake 1-403
2026-10-09 11:23:33,778 INFO o.a.j.t.JMeterThread: Thread finished: Ticket intake 1-403
2026-10-09 11:23:37,160 INFO o.a.j.t.JMeterThread: Thread is done: Ticket intake 1-404
2026-10-09 11:23:37,160 INFO o.a.j.t.JMeterThread: Thread finished: Ticket intake 1-404
2026-10-09 11:23:39,002 INFO o.a.j.t.JMeterThread: Thread is done: Ticket intake 1-405
2026-10-09 11:23:39,002 INFO o.a.j.t.JMeterThread: Thread finished: Ticket intake 1-405
2026-10-09 11:25:32,219 INFO o.a.j.t.o.OpenModelThreadGroup: There will be no more events, will shutdown the thread pool
2026-10-09 11:25:32,219 INFO o.a.j.t.o.OpenModelThreadGroup: Thread starting done
2026-10-09 11:25:32,219 INFO o.a.j.e.StandardJMeterEngine: Notifying test listeners of end of test
2026-10-09 11:25:32,220 INFO o.a.j.s.FileServer: Close: stress.data.txt
2026-10-09 11:25:32,221 INFO o.a.j.r.Summariser: summary +      3 in 00:02:01 =    0.0/s Avg: 125440 Min: 123715 Max: 127184 Err:     0 (0.00%) Active: 0 Started: 405 Finished: 405
2026-10-09 11:25:32,222 INFO o.a.j.r.Summariser: summary =    405 in 00:19:00 =    0.4/s Avg: 37670 Min:   863 Max: 127184 Err:     0 (0.00%)
