row_id,final_label,narrative
8022,Credit reporting,"I applied for a bank account with XXXX  on XXXX XXXX and was declined stating there were discrepancies on my XXXX   report. I knew that had to be an error because i filed for bankruptcy and every creditor was ordered by the judge to CEASE AND DESIST. I filed chapter XXXX bankruptcy with case XXXX  FL on XX/XX/17 and the case was discharged in XX/XX/2017. However, XXXX XXXX  is STILL REPORTING EVEN AFTER MY BANKRUPTCY. Each creditor is subject to up to {$1000.00} fine for violation of fair credit reporting act. Chapter XXXX   bankruptcy discharges all debt!"
8024,Money transfer or service,"I fell victim to a multilayered scam operation orchestrated by XXXX ( XXXX ) ( the Company ) with the design, development, manufacturing, promoting, marketing, distributing, labeling, and/or sale of illegal and outright fraudulent investment services, all of which aim at contributing to the goal of robbing and defrauding clients through a predetermined cycle of client losses to gains in the equivalent of XXXX USD which was transferred from my wallet utilizing Coinbases services."
8033,Credit card,"I have been a longstanding customer with Chase Bank, maintaining multiple credit card accounts with them over a period of several years. I have always managed my accounts responsibly, making timely payments and adhering to all the terms and conditions. To my knowledge, I have not violated any rules or engaged in any behavior that would warrant account closure. 

Recently, I discovered that Chase had closed all of my credit card accounts without prior notice or explanation. I received no warning or notification regarding any issues with my accounts. Upon noticing the closures, I immediately contacted Chase customer service to inquire about the reason behind their decision.

Despite multiple attempts and speaking with several representatives, Chase refused to provide any specific reason for the closures. I was told that they were unable to disclose why the accounts were closed and that the decision was final. I was not given any opportunity to appeal or resolve any potential issue that may have prompted this action.

This sudden and unexplained closure of my credit card accounts has caused me significant inconvenience and concern. It has impacted my credit utilization ratio, which may negatively affect my credit score, and I am now left without access to credit that I previously relied on for regular financial activities.

I believe that as a consumer in good standing, I am entitled to a clear explanation for the closure of my accounts. The lack of transparency and unwillingness to provide any justification is deeply troubling and potentially unfair. I am requesting that the CFPB investigate this matter and help facilitate a response from Chase that provides a clear and detailed explanation for their actions."
8044,Consumer loan,"My husband and I open a personal loan through OneMain. The company was originally named SpringLeaf. The loan was paid in full XXXX XXXX, 2017. I tried to obtain an letter from the company stating this loan was paid in full ; so I could provide it to the three credit bureaus ; but, was unsuccessful. Attached will be a summary printout from the local office and a statement printout providing {$0.00} balance. Even though these statements are acceptable to me ; there are not acceptable for the three credit reporting bureaus. Would you please assist me with this matter? Thank you"
8050,Debt collection,"Cypress Collections Professional Collection Agency XX/XX/XXXX XXXX XXXX XXXX XXXX, CA XXXX Re : Reference # XXXX Client # XXXX Thank you for your inquiry. I do in fact dispute the claim of {$120.00} plus the additional interest that was erroneously billed to me and certainly, your threats to damage my credit worthiness. 

I am a Veteran under the care of the Veterans Administration at XXXX XXXX. I have communicated with Doctors on Duty and have told them that their claim needs to be filed with the Veterans Administration. I also told Doctors on Duty that I would talk to the VA regarding the erroneous billing for my approved office visit. I talked to my primary care doctor at the VA and was told that there is a record of an authorized request for medical service on XX/XX/XXXX. Initially I told this to Doctors on Duty bookeeper. I clearly told the Doctors on Duty staff that the VA sent me and that I needed to be evaluated for XXXX because of XXXX XXXX and that I was a veteran. The reason for this going to collection is clearly not my doing. It is in fact Doctors on Duty responsibility to bill the VA as per their contract ( a requirement that they did not do ) Embroiling me in their mishap with a threat of affecting my credit worthiness is disturbing at best. 

I have contacted the Community Provider division of VA and have filed an Adverse Credit Report - XXXX. Cypress Collection as well as Doctors on Duty have been notified to cease and desist their illegal claim. If in fact my credit worthiness is affected, I will sue for defamation of character and elder abuse of an ailing veteran. 

I am willing to pursue a course of action against both Doctors on Duty and Cypress if this persists any longer. I defended my country with dignity and courage and expect respect and thanks for my service, rather than being threatened and abused by Doctors on Duty and Cypress Collections. 

Thank You XXXX cc : FTC www.ftc.gov cc : Senator XXXX XXXX"
8053,Credit reporting,"I was shocked when I reviewed my credit report and found late payment on the dates below : XX/XX/2018- 30 DAYS LATE I am not sure how this happened, I believe that I had made my payments to you when I received my statements. My only thought is that my monthly statement did not get to me."
8060,Credit reporting,"I've recently received a copy of my credit report and noticed several inaccuracies and unauthorized accounts/information reporting to my credit report. These remarks have been detrimental to my life and credit health. 

CAPIO PARTNERS LLC {$3100.00} XX/XX/year>"
8062,Credit reporting,"I am submitting this complaint regarding Credit Karmas refusal to update my legal name on their platform, despite my repeated efforts and full compliance with their documentation requirements. 

I legally changed my name and have already updated it with the XXXX XXXX XXXX and on my government-issued ID. I contacted Credit Karma to request that they update my account to reflect my correct legal name. As requested, I submitted a copy of my government-issued ID and Social Security card , both showing my current legal name. 

Despite providing this documentation, Credit Karma has refused to update my account. Their support team has not given a clear or valid reason for this refusal, nor have they offered any alternative solution. This failure to update my name has caused confusion and concern, especially as Credit Karma continues to pull and report credit information under a name that is no longer legally mine. 

I am concerned that this may impact the accuracy of my credit file and hinder my ability to manage my financial accounts effectively. I believe I have made every reasonable effort to work with Credit Karma, and I am now requesting assistance from the CFPB to resolve this matter. 

I am seeking that Credit Karma update my name in their system in accordance with the legal documentation I have provided and that they ensure all associated credit reporting is accurate."
8071,Credit reporting,"Upon termination of my lease in XXXX I was assessed a disposition fee above the contractual obligation. In investigating this fee I had discovered that XXXX XXXX was charging for hail damage to the vehicle. This vehicle never experienced a hail storm while in my possession. 

The process of contacting XXXX XXXX XXXX XXXX and disputing the charge took costly time. Once the determination was made by a XXXX representative that I was indeed not responsible for any additional charges, as there was no hail damage, I immediately paid the remaining disposition fee. I had never been late in a vehicle payment to XXXX or any other automotive debtor. 

Because of the time it took XXXX XXXX to investigate and correct this charge I was outside of my 30 day payment window. They they reported me to the 3 bureaus as having a late payment. 

I sent my formal request to have the negative marks removed from my credit report at the 3 bureaus ; XXXX, XXXX, and XXXX. I submit this request on authority from the representatives at XXXX. I included a brief statement on what had happened and a copy of my credit report. On XX/XX/XXXX I received a letter from XXXX XXXX saying their reporting was correct. I called on XX/XX/XXXX to take further action. At this point I was informed I could make another formal dispute but could not actually speak with anyone who makes the decisions. A customer service rep by the name of XXXX and his supervisor XXXX were quite unwilling to help. 

I just want the negative mark removed from my credit. I am currently not obligated with any further debt to XXXX XXXX."
8074,Credit reporting,"I am writing to request an investigation of the following information that appears on my Early Warning Systems consumer report, which I believe to be fraudulent. 
In accordance with the Fair Credit Reporting Act, I assert that the list of accounts below has violated my federally protected consumer rights to privacy and confidentiality under 15 USC 1681. These items listed above have violated my rights as outlined in 15 U.S.C. 1681, Section 602 A, which grants me the right to privacy. 15 U.S.C. 1681, Section 604 A, Section 2 also states that a consumer reporting agency can not furnish an account without my written instructions. Furthermore, 15 U.S.C. 1681c ( a ) ( 5 ) stipulates that no consumer reporting agency may include any adverse items on a consumer report if they predate the report by more than seven years.

Additionally, 15 U.S.C. 1681s-2 ( a ) ( 1 ) specifies that no information can be furnished to a consumer reporting agency if the person knows, or has reasonable cause to believe, that the information is inaccurate. 
I have NEVER opened or used the following account numbers, and I request that all information related to these accounts be removed immediately : Bank : XXXX XXXX Incident Date : XX/XX/year> Contribution Ref # : XXXX Account # : XXXX ABA Number # : XXXX Additionally, I do not recognize the following inquiries that appear on my report. I am a victim of identity theft, and I do not recognize the following inquiries. I request that the following inquiries be removed from my Early Warning Services consumer report immediately :"
8094,Money transfer or service,"On XX/XX/XXXX an online transaction was made through our banking institution Wells Fargo via XXXX in the amount of {$230.00}. XX/XX/XXXX XXXX TO XXXX XXXX ON  XX/XX/XXXX REF # XXXX {$230.00}. The product/service was not received. Contacted Wells Fargo and a claim was filed # XXXX. We would like our money back. This was fraudulent act committed ; Wells Fargo should back all transactions on their website and in good faith refund the customer. We were told most likely we would not be getting our funds back. 
Please assist in obtaining our {$230.00} back. 
Thanks."
8095,Bank account or service,"On XX/XX/XXXX/XX/XX/XXXX my debit card was stolen while on a work trip in XXXX, New York In addition it was my contention that the thief was able to get my PIN. That thief, used the card throughout the XXXX XXXX XXXX area, charging up almost {$3000.00} dollars at 30 various different drug stores over a 3 hour period, making cash back purchases in small increments on average of {$50.00} dollars. I reported the fraudulent charges to the bank as soon as I became aware, as did my wife who is joint on the account. I filed a police report in XXXX XXXX XXXX and XXXX XXXX, CA, my place of residence. Upon review the bank rescinded the credits to my account and stated their judgement was based upon inconsistencies with my and my wife 's statements. As i mentioned to the back, I was not aware of how it was stolen, but merely giving them suggestions on who might have been the perpetrator. The bank investigators did n't not put forward a good faith effort to follow up on this claim, nor did the bank hold up their fiduciary responsibility to protect my debit card from this clear fraud while it was happening. Furthermore, while I still have an active police investigation, the bank has already rendered judgement. This matter will be resolved in civil court if I ca n't get the protection of the Bank in regards to my FDIC protected money. I wish to report the bank, the claims department and its management for gross negligence in this matter and I hope the CFPB can help me gain protection from a banks disregard for its primarily responsibility to protect my money"
8096,Bank account or service,An unauthorized transaction was made on my Chime XXXX XXXX account on XX/XX/year> in the amount of {$1400.00} at XXXX XXXX. I transferred funds to my account to set aside for a moving fund. I filed a dispute with Chime on XX/XX/XXXX they then denied my claim the following day without proper investigation. An appeal or rebuttal was filed on XX/XX/XXXX at which point I also provided a written statement and a statement from the business stating the charge was unauthorized. That rebuttal was also denied despite submitting substantial information. I tried calling police but because I was unsure where I misplaced my credit card they were unwilling to file a dispute. It has been now almost XXXX  months of me fighting the bank and nothing has been returned to me and this issue has yet to be resolved.
8097,Credit reporting,"I have notified Experian, XXXX and XXXX several times regarding the XXXX XXXX account. XXXX XXXX is refusing to discuss collection for XXXX account or accept any payments from me stating they are no longer handling account it is with a 3rd party. The is no other company reporting this account to my credit report, only XXXX XXXX. I have attempted several times to resolve this account with XXXX XXXX with the latest being today XX/XX/2021 at XXXX eastern, I spoke with XXXX whom once again refuses to discuss account, accept payment or even send a current dated bill for the balance owed. I have recorded conversations of XXXX XXXX refusals. I have filed several disputes advising Experian, XXXX and XXXX of the issues with XXXX XXXX and the recorded conversations with contact information to reach me to hear them. All 3 continue to close my disputes stating they verified account details without investigating the issue Im disputing. XXXX XXXX should not be allowed to remain on my credit report if they are refusing to discuss account, accept payment for account or even send me a current bill for account. At this point Im ready to get a lawyer and sue Experian, XXXX, XXXX and XXXX XXXX because Ive tried for several months to resolve this myself to no avail."
8098,Debt collection,"I am submitting this complaint due to a judgment and wage garnishment related to a charged-off XXXX account. I was never properly served with notice of the original lawsuit and only became aware of the judgment after receiving notice that my wages would be garnished. I did not live at the address sworn to be served at. I have attached my lease for the time frame in question. 

I filed a Motion to Strike the judgment on the grounds of improper service, but it was denied. The debt collector has not provided a valid affidavit or proof of service that complies with state law requirements. I believe this violated my due process rights. 

Additionally, I never received a proper debt validation or breakdown of the amount allegedly owed. The debt was originally charged off by XXXX, and I do not have confirmation that the current party attempting to collect has the legal right to do so. 

I am requesting the following from the CFPB : An investigation into whether proper service of process was completed before the judgment was granted. 
Confirmation that the entity pursuing the garnishment is authorized to collect on this debt. 
Full validation of the alleged debt, including the original contract, chain of assignment, and accounting of charges.

I believe this judgment and garnishment may have been obtained unlawfully and am requesting assistance in having it vacated if violations occurred. 

Thank you for your attention to this matter."
8106,Mortgage,"My mortgage loan originated XX/XX/XXXX. In XXXX, I applied for a home made affordable loan modification but was denied. Wells Fargo informed me that I could do a short sale. My realtor submitted several offers to them for a short sale and they refused them and proceeded to foreclose on the property in XX/XX/XXXX. On XX/XX/XXXX, I contacted Wells Fargo 's Enterprise Complaints Mgmt Office letting them know that I felt my home had been wrongfully foreclosed and was given a case number and assigned a representative. XXXX XXXX is my Case SpecialistXXXX XXXX XXXXXXXX. I have received four different letters stating they need more time to finalize their research. I feel they are are not taking the situation seriously. I was told that another letter is in the mail stating that they should complete their work by XX/XX/XXXX. That will be two months from the date that I reached out to them."
8108,Consumer loan,"I last spoke with a supervisor ( XXXX ) on XXXX after receiving the last response from a Citibank Representative on my recent complaint with CFPB. 

Although, I did not inquire about "" settling '' the account I was not given any options on how to resolve the balance either. Currently, the principal balance according to XXXX is {$590.00} with {$170.00} ( late fees of {$25.00} per month ) plus any interest. 

Prior to the conversation with XXXX, a conversation ( early XXXX ) with a representative in the loan department stated that "" for two payments ( XXXX and XXXX ) no interest would be charged and the account would be deferred. '' I would not need to make any payments. But, I made a payment in XXXX in the amount of {$250.00} ( {$220.00} is the minimum payment ). XXXX refused to provide any options on how to resolve the matter. I asked about waiving a few fees, to which were immediately dismissed by saying '' we can't do that because you were consistently late. '' Which I felt was extremely offensive, I felt like a criminal in that moment. In XXXX of last year, I lost my job which put me behind in payments. But I paid what I could. Now I am a product of the Pandemic, but I am still paying trying to resolve this responsibility. 

I was so angry by her statement that I responded back stating "" I could easily let the account go and not pay anything! '' My experience with Citibank has been an extremely horrible ordeal. It is unfortunate that I stayed this long, over 10 years."
8118,Money transfer or service,"I am filling a complaint against Cash App ( Block INC. ) due to inadequate customer service and unfair practices, which violate the Consumer Financial Protection Act. Specifically, Cash App failed to take timely and effective measures to prevent and address fraud on their platform, leaving my account vulnerable and unprotected. Furthermore, their dispute resolution process was unfair and deceptive, as they did not comply with Electronic Fund Transfer Act and Regulation E. These actions have caused significant inconvenience and financial loss and i seek appropriate redress for these violations"
8122,Credit reporting,"I am filing this complaint regarding a medical collection account being reported on my consumer credit reports by Aargon Agency , Inc . 

This account is inaccurate, unlawfully reported, and should be immediately deleted for the reasons outlined below. 

First, I never authorized the original medical provider or any third party to disclose my protected health information ( PHI ) to this collection agency for the purpose of credit reporting. The reporting and furnishing of this account necessarily involves the disclosure of sensitive medical information, which I did not consent to. This appears to be a violation of the Health Insurance Portability and Accountability Act ( HIPAA ) and its privacy protections regarding unauthorized disclosure of medical information. 

Second, this account has been reported to the consumer reporting agencies without proper validation and without a permissible purpose, in violation of the Fair Credit Reporting Act ( 15 U.S.C. 1681 et seq. ). I dispute the accuracy, ownership, and legal authority of this collection account. The furnisher has failed to demonstrate that it has the legal right to report this alleged debt or that the information being reported is complete and accurate.

Additionally, medical collections are subject to heightened accuracy and privacy requirements. The continued reporting of this account is causing ongoing harm to my credit profile and financial well-being.

I am requesting that the CFPB require Aargon Agency, Inc to : Immediately delete this medical collection account from all consumer reporting agencies Cease any further reporting or disclosure of my medical information Provide written confirmation that this account has been permanently removed If this matter is not resolved promptly, I reserve all rights to pursue further complaints with the Office for Civil Rights ( OCR ) for HIPAA violations and any additional legal remedies available to me."
8125,Mortgage,"The company currently servicing our mortgage reached out in XX/XX/XXXX to refinance our mortgage due to the low rates, so we agreed. We locked in a rate of 3.125 % on XX/XX/XXXX with NewRez and supplied them with all the upfront requested documentation and eSigned all necessary forms. It is now XX/XX/XXXX and we still have NOT closed on the refinanced loan and they are asking for more documents, and my husband to correct the figures multiple times on the documents provided by NewRez for the refinance ( incorrect escrow figure, property taxes, etc. ). We constantly reached out to the company throughout the multitude of months since starting the process in XXXX and were told various stories about how the loan would be underwriting soon once one more bit of information was verified -- and the information to be verified never was accurate to begin with for our loan. Or, there would be no response and no escalation even after we demanded status updates with set deadline dates for such information. We have lost out on four months of saving {$300.00} a month that the refinance should have secured had it closed at the end of XX/XX/XXXX as it should have closed, and we now can not refinance with an alternate company at the same rate as rates have now increased, and also, the loan office does not get paid until this loan closes so there are multiple parties effected by this company 's gross incompetence."
8128,Consumer loan,Kia Motor Finance has a deferment program which I applied for and instead of them trying to help me they refuse to - my loan will be 60 days late by the XXXX of this month and they will not help - they say they will approve you and then tell you that there is a document that you need to sign and send back however in the meantime they do not sent the document and this will impact my credit - they are not being helpful at all.
8129,Credit reporting,"Have filed multiple different disputes with Equifax for an account on my credit with XXXX XXXX XXXX that was opened under fraud. Each time there is no resolution, the account continues to show up on my report causing me to lose time by filing disputes and delay any credit related purchases that I may have. XXXX and XXXX have both already removed the account without delay. Complaints have already been filed with the FTC and Equifax still will not take action."
8130,Credit reporting,"I am stressed out because this company is violating my rights Under 15 U.S.C. 1681s-2 ( a ), data furnishers are required to report only accurate and complete information.Reporting unverifiable or inaccurate data is a violation of federal law."
8136,Credit card,I did apply for the card but never finalized that I wanted because it was only for {$300.00} and they take {$80.00} of that for fees etc so I didn't want it and never confirmed that I wanted the credit card ... I don't even have the card in my possession...
8142,Bank account or service,"I attempted to withdraw money from my account to another bank account in my name. Marcus froze the funds and claimed that they needed onerous documentation from me ( a statement from my other bank sent to them via mail ) in order to complete the transfer. They also could not manually reverse the transfer, leaving my $ XXXX in limbo while Marcus decides what to do with the funds at their sole discretion."
8166,Money transfer or service,"I sold an item and shipped it via USPS Media Mail to a buyer named XXXX XXXX. She filed a PayPal dispute claiming she never received the package. This was false. She refused delivery and had the package returned to sender. I have the returned package in hand with a USPS label clearly marked "" Return Postage Due = {$5.00} '' dated XX/XX/year> and stamped "" Refused. '' Despite my evidence, PayPal ruled in her favor. The fraudulent dispute resulted in a {$19.00} reversal against me, plus I was charged {$5.00} in return postage caused directly by her refusal. Total loss : {$24.00}. I am requesting PayPal reopen and reverse this decision."
8168,Credit reporting,"The credit bureaus must obey many laws, including the Fair Credit Reporting Act ( FCRA ). And according to the FCRA insert condition such as an incorrect balance an incorrect account number an undated late pay a missing field of missing field here such as status the wrong account type an incorrect a late pay after account was closed an inaccurate date of last activity an inaccurate date of last update a charge off listed as open a collection account with an inaccurate reporting dateLEAD BANK self XXXX POTENTIALLY NEGATIVE MONTHS Credit usage 0 % account Balance updated XXXX XXXX, XXXX Credit limit {$1000.00} Account info Account number XXXX Open/closed Closed Date opened XX/XX/XXXX Account type Revolving PAID CHARGE OFF VARIABLE RATE. PAID CHARGE OFF VARIABLE RATE. XXXX # XXXX Open/closed Closed Date opened XX/XX/XXXX Account type, Account, XXXX, XXXX Installment reported late payment XX/XX/XXXX XXXX XXXX XXXX XXXX PAYMENT Balance {$0.00} Balance updated XX/XX/XXXX,"
8174,Mortgage,"Our mortgage company 's loss/draft department are solely to blame for our issue. Not the insurance company or the VA. We had a catastrophic loss of our home and we have cooperated with everything they have asked, but they do not give us the funds we need and have paid out of pocket and taken from our retirement savings, at a heavy tax levied against us, and our personal savings. We had difficulty getting a contractor to over see the work. Our last contractor did nothing for 8 months. Nothing. So we became our own general contractor and got our permits and hired the sub contractors. I am attaching some of the emails we have written. So far we have asked for reimbursement from two contractors for the final completion of the exterior of the house and the excavation company that worked to remove the old burned house and dig/fill utility trenches, and prepare the ground for radon barrier and concrete pour. They did reimburse at least once for our underground plumbing work and the builder completing the outer shell of the house. We have been waiting for 4 weeks for them to pay the final bill to that company."
8180,Credit card,"Subject : Repeated Account Closures After Approval Request for Explanation I am submitting this complaint regarding a pattern of behavior by Capital One that I believe may constitute an unfair or deceptive practice. Capital One has repeatedly approved my applications for credit cards, only to close the accounts shortly afterward citing a vague business decision without providing any meaningful explanation. This has occurred multiple times. Despite these closures, Capital One continues to solicit and approve new credit card applications for me. This creates a confusing and frustrating situation where I am led to believe I am eligible for their products, only to have the accounts closed again shortly after opening. I have no negative payment history with Capital One and have complied with all account terms. Because these approvals are being granted and then reversed repeatedly, I am concerned that this process may result in unnecessary hard inquiries on my credit report and, in some cases, the collection of annual fees before the account is closed. At this point, I am requesting that Capital One provide a clear explanation addressing the following : 1. Why my accounts continue to be approved and then closed shortly thereafter. 2. Whether I am internally flagged or otherwise deemed ineligible for Capital One credit products. 3. Why I continue to receive solicitations and approvals if the bank has no intention of maintaining a credit relationship with me. If Capital One has determined that I am not eligible for their products, I respectfully request that they cease marketing and approving applications for credit cards in my name. I am simply seeking transparency and fair treatment in this matter. Thank you for your attention to this issue."
8184,Credit reporting,"I have a a few loans with RISE. Last month when I looked at my credit report I had XXXX inquiry from this company now I have XXXX and they all are dated for different months in the same year. I understand that the company will pull my credit to approve the loan, but they can not place the inquires on the file 10mos after the loan has been paid off."
8203,Money transfer or service,"I am filing a complaint against Cash app ( Block, Inc. ) due to inadequate customer service and unfair practices, which violate the Consumer Financial Protection Act ( CFPA ). Specifically, Cash App failed to take timely and effective measures to prevent and address fraud on their platform, leaving my account vulnerable and unprotected.

Furthermore, their dispute resolution process was unfair and deceptive, as they did not comply with error resolution requirements under the Electronic Fund Transfer Act ( EFTA ) and Regulation E. These actions have caused significant inconvenience and financial loss, and I seek appropriate redress for these violations."
8206,Mortgage,"In XX/XX/2021, our mortgage payment was {$1500.00} instead of the normal {$1100.00}. I paid it and thought it was the difference for insurance. XXXX came around and it was high again. After tons of call and inquiring, they filed my property tax incorrectly. I got the necessary paperwork to them. They told us to use the 15 day grace period to allow them to correct the numbers and pay our mortgage. They say we will owe {$1500.00} this month. We should get a lower payment plus last months overpayment reimbursement. Ive called 29 times. Ive been told to shut up, Ive been hung up on 5 times. I get told different things every time. No one knows what to do or how to help. They just say pay the {$1500.00} and they will fix it. I need to know what happened to the {$600.00} escrow check they sent out, when it will be fixed, and to be certain it wont reflect on my credit score. Most unprofessional company Ive ever experienced."
8207,Money transfer or service,"Money was XXXX or XXXX from XXXX XX/XX/XXXXXXXX where I received my Direct Deposit Payroll, to XXXX XXXX XXXX XXXX XX/XX/XXXX 
The intent was to buy some shares of XXXX, since they are a Stock/Trading company. 
My deposit is not there. They can't find it. 
Initially I was given an availability date of XX/XX/XXXX then 2 days later it was changed to XX/XX/XXXX, which I clutched my pearls, and thought that was kinda a long time to hold one 's funds! : ( Why did the dates change twice, & now my funds are "" stuck '' somewhere, waiting to be processed!? 
Chime says the didn't receive the REJECTED funds back yet that XXXX admitted to rejecting. I talked to a Gentleman named XXXX at XXXX who explained this unfortunate latest update to me!"
8213,Mortgage,"I have a loan with United Wholesale Mortgage. I have not been able to reach ANYONE from customer service I had an insurance rep call me with the same problem trying to reach them They do not answer the phone and do not acknowledge even having my loan, and however long i try or whatever phone number i try reaching customer service on it just does not go through."
8215,Credit reporting,"I have submitted multiple disputes regarding these accounts that is reporting inaccurately on my credit report. I have also submitted multiple reports regarding the account that needs to be updated These companies have refused to do work on disputes even though they're required by the law to do so. 

Account Name : XXXX"
8222,Bank account or service,"I received an email that my account was closed at XXXXXXXX XXXX XXXX  on XX/XX/year>, with no stated reason. Since this email, my account is restricted and I am unable to access {$3300.00} in my account."
8225,Credit reporting,"XXXX & Equifax are reporting an erroneous collection on my credit report for XXXX XXXX XXXX - XXXX - I never received one notice regarding this debt, it just showed up on my credit report. This was paid"
8244,Credit reporting,"According to 15 use 1681eb Everything must be 100 percent max accurate The credit bureaus keep disrespecting the laws. I showed them multiple times of how they are violating the Fair Credit Reporting Act.

According to 15 use 1681 ( 5 ) The credit bureaus said everything was complete and accurate and I asked them how if the open date is wrong.

Then I ask them to provide me description of the investigation according to 15 USC 1681 ( 7 ) and they never did. I have proof of my letter for that.

Also according to 15 USC 1681 s-2 A person shall not furnish any information relating to a consumer to any consumer reporting agency if the person knows or has reasonable cause to believe that the information is inaccurate.

This is violation after violation after violation. This is causing me stress because I have no hope with this system"
8245,Credit reporting,"I am writing to formally contest the inclusion of fraudulent account in my Experian credit report. Despite submitting a dispute letters and the required documentation to the Federal Trade Commission ( FTC ), as per your guidelines, this account persist on my Experian report. After uncovering this fraudulent account, I contacted the relevant bank, which acknowledged its fraudulent nature and assured me of its removal from their records. Subsequently, XXXX and XXXX have both expunged this account from their records after verifying its fraudulent status. 

I am puzzled as to why Experian continues to report this fraudulent account, especially since the other credit bureaus have already removed it. I have completed all necessary steps and furnished all relevant documentation to substantiate my claim of identity theft. 

I hereby request a comprehensive investigation into this matter and the immediate removal of this fraudulent accounts from my Experian credit report. The bank has confirmed the fraudulent nature of this account, and its persistence on my credit report is unjustified and detrimental to my creditworthiness. 

XXXX XXXX XXXX XXXX XXXX XXXX XXXX XXXX XXXX XXXX XXXX"
8248,Money transfer or service,"I used Moneygram on XX/XX/XXXX to send XXXX usd. And i git a messsage saying the money was sent with the reference number XXXX, but minutes after i got an email saying the opened a case XXXX. They lied because they said it was the receivers bank problem and i told them many times that we spoke with the branch manager ( XXXX bank ) and they are very opened to receive the money so we drove many times to the branch wasting money and time. 

Please we need our money back because we have so many things to pay for. 

XXXX XXXX XXXX XXXX"
8250,Credit reporting,"Request for Update to Paid As Agreed Never Late ( PAANL ) Violation of 15 USC 1637b To Whom It May Concern : I am writing to formally request an update to my credit report regarding my account with : 1 ) XXXX XXXX XXXX XXXX XXXX to the provisions of the Truth in Lending Act, specifically 15 USC 1637b, a creditor may not treat a payment on a credit card account under an open-end consumer credit plan as late for any purpose unless the creditor has provided the required notice, as outlined in section 1637b.

Section 1637b of the Truth in Lending Act clearly states that a creditor must inform the consumer in writing, within a reasonable period, if a payment has not been made within the grace period. Specifically, if a payment is considered late, it must not be treated as such unless the creditor notifies the consumer at least 21 days prior to the due date. As of today, I have not received any such notice regarding the account referenced above, nor have I been notified of any payment being considered late.

In light of this, I am requesting that my account be updated to reflect the accurate status of "" Paid As Agreed Never Late '' ( PAANL ) as no late payments were reported or properly documented. Since no notification of a late payment has been issued in compliance with the law, my account status should accurately reflect that it was paid on time and as agreed.

I request that you update my credit report accordingly and remove any negative reporting related to this account. I expect a response within 30 days, as required by the Fair Credit Reporting Act ( FCRA ), and would appreciate your prompt attention to this matter.

If you need any additional information or documentation to process my request, please do not hesitate to contact me. I appreciate your cooperation in ensuring that my credit report is accurate and complies with all applicable laws. 

Sincerely, XXXX XXXX"
8251,Credit reporting,"XX/XX/XXXX Subject : Dispute of Inaccurate Late Payment Reporting on Account # XXXX Dear CFPB, I am writing to formally dispute inaccurate information being reported on my credit file regarding the XXXX account ( # XXXX ). According to the Fair Credit Reporting Act ( FCRA ), you are required to ensure the accuracy of the information reported and to investigate disputes promptly. 
Upon reviewing my credit report, I found that the payment status for this account continues to indicate "" 30 days late, '' which is inaccurate. I have consistently made on-time payments for this account, and I have attached relevant documentation to support this claim. 
Here are the details of the account : High Balance : {$2000.00} Date of Last Activity : XX/XX/XXXX Date Reported : XX/XX/XXXX Date Opened : XX/XX/XXXX Balance Owed : {$0.00} Closed Date : Not Available Account Rating : Paid Account Status : Closed Payment Status : Late 30 Days Creditor Remarks : Consumer disputes- reinvestigation in progress ; Closed or paid account/zero balance Two-Year Payment History : Indicates "" OK '' for all months but continues to show a "" 30 Days Late '' status inaccurately. 
I request that Equifax provide a detailed description of the investigation procedure conducted to verify this account 's payment history, as required under 15 USC 1681i ( a ) ( 7 ). Furthermore, I request documented evidence supporting the late payment claim, including specific dates, amounts, and correspondence that validate this reporting. 
In the absence of valid evidence, I demand that the payment status for this account be updated to "" Paid As Agreed Never Late '' immediately. Failure to comply with this request within the 30-day timeframe outlined in the FCRA will constitute a violation of my rights as a consumer.

Thank you for your prompt attention to this matter. I look forward to your response and resolution. 
Sincerely, XXXX XXXX XXXX XXXX"
8257,Money transfer or service,"Navy Exchange ( NEX ), the "" XXXX '' onboard US XXXX bases, offers currency exchange for personnel stationed overseas ( in XXXX ) to  pay their off-base rent. However, the exchange rate offered is always 2-3 % less than the Bank Rate for US dollar to XXXX XXXX exchange. 

To offset this, the Navy Exchange provides a {$10.00} gift card for use at the NEX, for each month paid. However, this is inequitable because the gift card is always for the same amount, regardless of the monthly rent amount ... so a single military member with an $ XXXX/month ( equivalent ) rent payment derives more proportional benefit from this {$10.00} gift card than a military family whose rent could be closer to $ XXXX ( equivalent )."
8263,Debt collection,"Debt Collector ( s ), Obligors, Debtors XXXX and XXXX XXXX are attempting to collect an alleged debt of the Consumer. The named debt collectors are engaged in illegal acts by simulating a judicial court affiliated with the United States. The debt collectors were served numerous notices under federal consumer statutes but fail to comply. The debt collectors are attempting to seize the private property, consumer goods of the Consumer under the guise of Foreclosure which is not being performed in a competent judicial district under 15 USC 1692i. The debt collectors are not exempt pursuant to XXXX, XXXX under federal law. This debt collector is taking illegal non judicial actions in violation of the FDCPA, 15 USC 1692, Identity Theft, XXXX. The FTC has a report by the consumer."
8264,Bank account or service,"Hello, I got asked to create a song. They offered to pay me XXXX but sent XXXX on "" Accident ''. 

I deposited the check into my wellsfargo account the XXXX of XX/XX/2021. 
The check cleared and was in my account, so I sent them 4 payments of XXXX, only to have that check bounce 3 days later. I wouldnt sent them any money if the check wouldn't of cleared. I didn't get any notifications that it could be a fake check. I didn't have any pendings over the check it was all in my account. 

The account the contacted me was through XXXX, this is the account. XXXX The email address the check came from is XXXX Hope this information helps!"
8270,Credit card,I had a credit card account with chase bank the was closed due to payment issue. But i paid down full amount on the time. My credit score is outstanding im trying to apply for a credit card with chase and its denying.
8274,Credit reporting,"I am unemployed seeking employment and I have been denied employment because of the fake news contained in my credit file. There are numerous inquiries that I have never engendered and I've never even heard of these companies. There are fake telephone numbers on my credit file I have never had, there are fake address to places where I've never lived too. 

My credit file with Experian contains a lot of fake news. The information contained in the credit file belongs to the consumer and if it is inaccurate or contains misleading information, the consumer has the right to correct the information. While I was legally XXXX  for XXXX, my identity was stolen from me and I took appropriate action notified the Credit Reporting Agency ( CRA ) in  this complaint with a Fraud Affidavit and proof of legal incapacity. I notified federal law enforcement. 

The CRA in this complaint told me to contact all the companies. I did. I notified the companies that inquired on my credit file to remove and/or correct the erroneous information from my credit file. They all told me that the CRA does that, not them. 

I then wrote the CRA in this Complaint that I've already spoken to the various companies that inquired in my credit file and they all told me there's nothing they can do about it. I being jerked around by Experian."
8278,Money transfer or service,"I am filing a complaint against Cash App ( Block , Inc. ) due to inadequate customer service and unfair practices which violate the Consumer Financial Protection Act. Cash App failed to take timely and effective mesures to prevent fraud on their platform, This has left my accounts and finances vulnerable and unprotected. Their dispute resolution process is deceptive and unfair as they did not comply with the error resolution requirements under the Electronic Fund Transfer Act and Regulation E. This has caused signifigant inconvenience and financial loss and I seek appropriate redress for these violations."
8284,Money transfer or service,"I Have an account in Coinbase with XXXX XXXX XXXX. Since 2 months I cant sell, transfer or buy cripto currencies because the account is under revision. I Have tried to speak with coinbase and its impossible, no answer. Calls, email... but no solutions. 

I would like to send my cripto currency. 

Thanks"
8287,Credit reporting,"I have provided Experian on SIX occasions with an FTC identity theft report and various police reports to Experian regarding XXXX XXXX, XXXX XXXX and the identity theft on my report. I have also reported and provided a letter from XXXX XXXX regarding the fraudulent account. Experian is ruining my credit score by refusing to remove the fraudulent items. 

The items from XXXX XXXX and XXXX XXXX are the result of identity theft and are ruining my credit score. Experian had been sued for this in the past. 

DELETE the items!"
8291,Credit card,"I opened an account with XXXX XXXX  in XXXX to transfer my balance from my XXXX XXXX XXXX XXXX card to, as the XXXX card offered 0 % XXXX on balance transfers. XXXX sent a check to XXXX and charged my account. XXXX deposited the check, but I never received credit on my XXXX account for the check. My XXXX  account was charged on XX/XX/XXXX. Today, XX/XX/XXXX, I called XXXX to let them know that XXXX finished their investigation, and that they had sent me a letter with the results. I asked XXXX how I could send them those results, and they told me a case number on the phone with no additional information. XXXX asked for the exact account number the check was for, and XXXX told me they could not provide any information on that. I am currently still paying off both balances and not sure if any resolution is in sight. XXXX 's website gives me errors when I try to pull up information related to the transfer or disputes."
8292,Credit card,"Hello, I find it highly problematic that Citibank is refusing to close client 's credit card accounts. I understand that they are trying to catch up with other big retail banks in the credit card business, but I think their business practises are highly unethical and unprofessional. My detailed experience is as follows. 

I signed up for a Citibank credit card a couple years ago. However, I didn't really like their offerings compared to their competitors, so I rarely used the Citi credit card. Last summer, I noticed a fraudulent activity on that card which prompted me to call Citibank to close my account. However, their customer service staff were extremely resistant with my request. They kept on going in circles asking me why I wanted to close the account and started offering me things I don't need in order to keep my account open. I was in a rush when I called, so I decided not to bother closing it. 

A year later, I decided to call Citibank again to close the account. They did the same tactic where they kept on asking me why I wanted to close the account. I answered, "" I don't use your card and I want to close it ''. However, they refused to take that as an answer. They responded : "" For compliance reasons, we need to know why you want to close the account ''. I said I already told them why I want to close the account. And then they started offering me 10,000 "" ThankYou points '' to prevent me from closing the account. After wasting half an hour of my time, I became very impatient and I had to tell them, this is my account and I have the right to close it. I told them that I would report the to the regulators if they refuse to close my account. Only until then, they closed my account. 

I find their behaviour highly manipulative and unprofessional. I want to bring this to the attention of the regulators, as I think this is highly problematic and I have not experienced similar behaviour from other banks. 

Regards, XXXX"
8299,Mortgage,"Citizens One Bank is purposefully making it difficult to remove PMI. 

I submitted a request to start the process 3 weeks ago and have not received a call, email, or secure message from the company with ALL information for removing it. They have only sent a message saying they will send another message via snail-mail. 

They REFUSE to give me the contact information for the PMI department."
8301,Credit reporting,"I am submitting this complaint regarding an issue with my credit report that is negatively affecting my financial standing. I have made multiple attempts to resolve this matter directly with the creditor/furnisher, but they have failed to provide an adequate response. Below are the details of my complaint : XXXX. Charged-Off Account or Collection Account Creditor/Collection Agency Name : SXXXX XXXX XXXX XXXX XXXX XXXX XXXX XXXX XXXX XXXX XXXX XXXX XXXX XXXX XXXX XXXX XXXX XXXX XXXX XXXX XXXX XXXX XXXX XXXX XXXX XXXXXXXX Issue : This account was charged off/placed in collections without proper notification or validation of the debt. 

I requested validation of the debt per my rights under the Fair Credit Reporting Act ( FCRA ) and Fair Debt Collection Practices Act ( FDCPA ), but the creditor/collection agency failed to provide sufficient documentation. 

The reported balance and payment history contain inaccuracies that I have disputed with the credit bureaus, yet the creditor refuses to correct or remove the erroneous data. 

The account was sold to a third-party collector, yet it remains listed under the original creditor, creating duplicate reporting and unfair harm to my credit profile. 

I am requesting the immediate deletion of this inaccurate and unverifiable account from my credit report or proper documentation proving its validity."
8307,Mortgage,"In XXXX of XXXX, property taxes were waived in the city of XXXX due to 100 % service connected XXXX. Penny Mac issued a refund in XXXX of XXXX for money paid to escrow for property taxes for the year. I. XX/XX/XXXX, the escrow paid the property taxes to the city of XXXX in error in the amount of XXXX. Since the end of XXXX I have called over 10 times between the lender and the city of XXXX to obtain the refund. I continually have to wait 14 business for a response that doesnt come. As of today XX/XX/XXXX. Penny mac has a cashed check with a check number for the property taxes refund and refuses to refund me even though we closed our loan out with them in the beginning of XXXX."
8309,Consumer loan,"THIS IS NOT A DUPLICATE! same problem, same company, different co-signer. 
I have been asking Navient to release my cosigners for 8 months now and can not get any specifics on why they are refusing to do so. 

I sent a letter to Navient, which they received on XX/XX/XXXX, requesting an explanation, in detail, for why they refuse to release cosigners even though we met their stated requirements. As of today, XX/XX/XXXX, they still have not answered me. Plus they keep sending ridiculous answers for why they can not answer my questions. Playing games to drag it out longer so they get what they want. terrible, terrible, terrible, crooked, lying, stealing company. Some things they tell you only over the phone, some things they only tell you snail mail, some things they only tell you by fax, it's absolutely criminal."
8310,Credit card,"On XX/XX/XXXXXXXX  while vacation in XXXX, MO we attended an owners ' meeting and a man named XXXX XXXX sold us ownership in XXXX XXXX XXXX for {$3900.00}. This company was supposed to rent out any unused XXXX XXXX points and pay us for them. 

After receiving our XXXX XXXX points in XXXX, I contacted or attempted to contact XXXX XXXX to find out how to proceed. I called the numbers provided on XXXX XXXXXXXX XXXX business card but the numbers are no longer in service ( XXXX and XXXX ). I also emailed XXXX and that address does not exist. I contacted the executive offices of XXXX in XXXX where we supposedly purchased ownership with XXXX XXXX and they informed us that XXXX XXXX had been fired. 

I had no way to get in touch with this group and I contacted the credit card company to which the {$3900.00} was charged and informed them that this was a fraudulent charge and that we were unable to contact anyone ( even the info provided on the charging line of the credit card statement ( XXXX ) and that we had not received any services from them for which we had paid. The card is a Barclays XXXX XXXX card. Barlays immediately issued a provisional credit for the {$3900.00}. 

On XX/XX/XXXX I received a letter from Barlays indicatingthat indicated that they had received a response to validate the transaction and that the merchant had not violated the terms and condidtions of the sales agreement and that the {$3900.00} would be reapplied to our account. 

Again this morning XX/XX/XXXX I attempted to contact XXXX XXXX using the email address provided on the contract and received a reply that the address does not exist ( XXXX ) and I called the phone number provided ( XXXX ) and the number has been disconnected. 

I am going to provide this additional information to Barclays and continue to protest the charge because evidently either this company does not exist or has gone out of business because WE HAVE NOT RECIEVED ANY SERVICES that this contract provides."
8323,Credit card,Yard card finances lawn equipment through td bank. I mail my payment through my online account at XXXX XXXX every month. They applied my XXXX payment to the wrong account. I have contacted them by phone and email and they can not straighten out the problem. My account number with yard card is XXXX. The account they credited payment to was XXXX.
8326,Credit reporting,"After receiving a copy of my 3 bureau credit report in XX/XX/XXXX, I noticed that Pro Collect was reporting a balance of {$1000.00}. I am unfamiliar with this company so I reached out to them in hopes to get some clarity on this alleged amount due. During the call I was told that they are a third part and have been collecting on the account since XX/XX/XXXX. I requested, both in writing and verbally, a copy of the contract and /or validation of this account on XX/XX/XXXX and have yet to receive either. 
The presence of this account has made it difficult for me to obtain even the smallest amount of credit and has caused a great strain on my lifestyle. I also disputed this account directly with the 3 CB 's and they came back verified. I requested the name and documents used to verify this account well over 30 days ago. According to the FCRA it must be deleted from all reporting entities. I am requesting that Pro Collect comply with FCRA, 15 U.S.C under Section 611 ( a ) ( 5 ) ( A ) ( i ) and delete this account immediately."
8333,Consumer loan,"I have been dealing with only Wells Fargo and now as of XX/XX/2021, they are saying that being the servicer of the loan they can do anything, right or wrong and not be responsible. So now I am bringing XXXX  XXXX XXXX in and let them see what their Servicer have been doing."
8335,Bank account or service,"Mostly all of XXXX  Ive been getting random charges of purchases clearly I wasnt making being in my hometown and the charges coming out from different states. 

XXXX XXXX XX/XX/XXXX there have been multiple withdrawals and purchase attempts with some actually going thru because I didnt have my card locked. 

XXXX of XXXX  someone transferred a large amount of my funds to an unfamiliar person for well over {$600.00}! 

From XXXX to current I continue to get random charges of attempts with some being successful to merchants like XXXX. 

All of these problems came with me calling the hotline number online only to be told We will look into it and get back and never recieved any call or feedback."
8337,Debt collection,"I made a one time purchase at Macys and the sales person offered me this card. I explained that I did not want the card, because I would use it only at that particular moment and not anymore. I do not live in the US. The sales person guarantee that there would be no charges involved in making that application so I could use the card one time. There were no fees. I used my son 's address and told her. 
I was surprised with this letter from the debit collector. 
I reserve my rights to use a lawyer again the company if I have any further inconveniences for this matter. I hope the matter gets solved and wait for an answer."
8339,Consumer loan,"A loan under my name was takin out in XXXX XXXX XXXX I have filed a complaint against LVNV Funding LLC. before, and I have not gotten any help. I just sent them another message today, and asked to speak with a manger or higher up. I also wrote them a message in the past asking to talk to a manger or higher up. That never happened. My credit score continues to decrease because of this fraudulent loan, and LVNV Funding LLC does not help resolve the matter. I do not want my score to decrease again. I have also contacted other law enforcement agencies regarding this, and hope they can help me."
8342,Bank account or service,"On XX/XX/year>, I noticed multiple unauthorized XXXX XXXX charges on my Chime debit card ending XXXX, totaling approximately {$290.00}. I immediately turned off my card, reported the transactions, and had a replacement card issued. 

At the time these transactions occurred, my original card was turned off in the Chime app, meaning it should not have been able to process any debits. I submitted my official XXXX XXXX purchase history, which clearly shows no matching transactions, proving that the charges were not made on my XXXX account or any of my devices. 

I filed my formal dispute on XX/XX/year>, after the transactions finished pending. Chime closed the dispute in less than XXXX hours over a weekend without conducting a reasonable investigation or providing any verification data. The only proof Chime supplied was a list of transaction entries, with no device logs, IP data, or merchant authorization details connecting me to the purchases. 

Under Regulation XXXX ( XXXX CFR XXXX ), financial institutions must perform a reasonable investigation before denying a consumers claim. Chime and its partner bank, XXXX XXXX XXXX, XXXX, failed to meet that requirement."
8345,Money transfer or service,"Coinbase locked my account on XXXX to "" verify my identity ''. I've had the account for many years and my portfolio is in excess of $ XXXX. I have done everything they asked to restore access to my account but they require proof of where I obtained my capital from. I do not have such documents. My seed money came from a wrongful death suit and I explained that. Ive paid my taxes every year, they have my ID and my SSN, I've sent documents of every transfer I ever made from my bank account to Coinbase. They have given me a few days to submit these documents but refuse to tell me what will happen if I can not. I have asked them, they have dodged every question and refused to even tell me what documents will satisfy them. I can not make trades or withdraw any of my money."
8356,Mortgage,"I was approved for a XXXX XXXX loan modification and had payments due in XX/XX/XXXX., XX/XX/XXXX, and XX/XX/2018. When I called to make the first payment on XX/XX/XXXX ( I had until the last day of the month ) they informed me my house had been sold in foreclosure to XXXX XXXX. I have been battling this with both Loan Depot and with XXXX XXXX ever since XX/XX/XXXX. and have been told numerous times that it was Loan Depot 's fault for not advising the foreclosure dept. They passed me off to different agents this entire time where I would have to explain the situation all over again. They sent out company wide emails while I was one the phone explaining that it was a wrongful foreclosure but nothing has come of it. XX/XX/XXXX XXXX XXXX sold my house to a renovation company and I have just received my 10 day notice to vacate. 
I've learned this is called Double-tracking and it is illegal. I can not find any attorney to help me for some reason. I will fight this till they kick me out of my home but this is my daughter 's home. She was born here. She is XXXX years old. I had $ XXXX in equity in the home but lost my business and had trouble making payments. I though this Flex Mod. was my saving grace and it ended up being the hardest thing I've ever dealt with in my life. Whoever reads this, I need help please"
8359,Consumer loan,"I am a borrower impacted by the Joint Consolidation Separation Loan Act I contacted Mohela about our loan # XXXX by phone the beginning of XXXX asking for a 30 day forbearance and they verbally granted it. But they are still sending a bill for it. I emailed them on XX/XX/XXXX, XX/XX/XXXX, XX/XX/XXXX, XX/XX/XXXX, XX/XX/XXXX explaining this to them and they only responded with an explanation that I already have a forbearance on this loan, but they are referring to my other loan # XXXX which is part of the pandemic forbearance. I tried calling and was placed on hold for 120 minutes and when someone answered, they took my personal information and put me on hold back at the beginning cue that said "" your approximate hold time is 100 minutes. I had to go back to work and could not hold for an additional 2 hours. 

I also completed my annual recertification information on XXXX and they are sending me letters stating that I have not done it and increased my payment by {$300.00}. 

I also emailed asking for a PSLF forbearance due to our application sent in for the temporary waiver and they have not granted it."
8365,Credit reporting,"BB & T failed to notify me of an increase in my monthly mortgage payment. I continued to make monthly mortgage payments and BB & T continued to receive and accept my on time payments. In XXXX and XXXX BB & T reported my mortgage payments as not as being paid for two months to the credit rating agencies. 

I learned of this when I called BB & T to inquire as to why I had not received a new mortgage coupon payment book. I than wrote BB & T and informed them I never received any notification from them regarding the change in mortgage rates and its effect on my monthly mortgage payment. I requested BB & T provide proof of a delivery confirmation of mail sent to me and that it was successfully delivered. Any financial matter that could have an adverse effect on anyone 's credit rating should require a delivery confirmation. 

I have paid my monthly mortgage payment on time every month and BB & T has received payment before the due date. The months in questions are XXXX and XXXX 2016 which XXXX shows funds posted, received and accepted by BB & T. When spoke with a BB & T representative I was informed that the payments were posted to my account. 

How can funds received for on time payment by BB & T get posted and reported as late - where did my money go and why is BB & T allowed to conduct such a questionable banking practice?"
8366,Credit card,"I applied for Chase freedom Unlimited credit card and was denied. Upon denial I contacted Chase, I spoke with a representative that told me I was denied because of my credit score and more information would be sent by mail. I received a notice by mail stating the same thing, that I was being denied due my credit score. I then sent Chase an adverse action letter and a notice of default/ opportunity to cure and they have now defaulted. The silence from Chase is XXXX."
8369,Credit card,XXXX XXXX restricted my cards because someone paid the balance off on both of my credit cards without my knowledge of who it was they wanted me to submit a bank statement to prove it was not me but the card that paid the bill off in full was not mines I do not have an account with that bank after not being able to submit that statement they returned the balances back to my credit cards and close my account my accounts were in good standing at my venture card was {$2800.00} and my quick silver was {$2500.00} is what was paid off and than returned back to the original balances I tired to explain to the fraud department but nothing happen I called them everyday for XXXX weeks and they were still asking for a statement from me and I kept telling them I do not have a statement that is not my account they also tried to charge cell phones at XXXX but the card was declined this all happen in XX/XX/year> and they paid my cell phone bill for {$100.00}
8372,Bank account or service,"This is a follow-up to my existing complaint ( ID XXXX ). On XX/XX/year>, I met with XXXX XXXX ( XXXX XXXX XXXX at XXXX XXXX. XXXX XXXX XXXX ). She stated she is unable to provide any written or verbal explanation for the closure of my account, claiming the decision was not hers and she was not given any details. She confirmed the decision originated from someone above her level. On XX/XX/year>, I sent a formal demand to Old Nationals Legal Department requesting they immediately reopen and support my remaining ~ {$11000.00} in XXXX XXXX disputes. I have received no substantive response. The closure of my account while these disputes were still open has made it impossible to resolve them. I am requesting CFPB assistance in forcing Old National Bank to reopen and fully support my remaining XXXX disputes and provide a written explanation for the account closure."
8379,Credit card,"I disputed an item due to cancelling and never receiving merchandise, Wells fargo took the word of the merchant that I did n't cancel so they reversed the credit. I felt this was unfair having being charged XXXX for something that I never received and was told would be cancelled and no further shipments. Wells Fargo wont reopen its investigation and says I did n't cancel, why would I lie? this is a large bank just bullying the little guy"
8382,Debt collection,"Validation of Debt Request - SPRINGOAKCAPXXXXXXXX XXXX XXXXXXXX XXXX XXXX XXXX XXXX XXXX XXXX XXXX I am disputing this account as inaccurate and request full validation, including the original signed agreement and complete payment history. If you can not verify this debt, you must delete it from all credit reporting agencies. Pursuant to the Fair Debt Collection Practices Act ( FDCPA ) 1006.34, I am entitled to receive verification of the debt you claim I owe. I dispute the validity of this debt and, as such, I am exercising my rights under the FDCPA to seek verification. Please provide the following information within the next 30 days : 1. The amount of the debt claimed. 2. The name of the original creditor. 3. A copy of the agreement, contract, or other instrument that created the debt. 4. Verification that you are licensed to collect debts in"
8383,Mortgage,"XXXX servicer granted us a forbearance because of our toddlers large medical needs and recent XXXX  which also happened to be during covid 19 ( my husband was out of work as well ) and said they would put the amount to the back of the loan. Over the past week, they have been trying to demand the forbearance in full because they say the loan carrier inspire home loans said its either we pay full or nothing. I have supporting documentation that states we can resume our regular payment on XX/XX/2023. They accepted a payment in XXXX {$1400.00}. Over the month, we have been trying to set up a REPAYMENT plan now that our forbearance has ended. Since they will not place it on the back of the loan like they initially told us they would. We can pay our standard {$1500.00} a month plus an extra {$1000.00} a month for a total of {$2500.00} for 12 months. And have seen no results.. inspire home loans said they need to speak to their legal team about repayment plans, ( they are trying to say {$4000.00} if they get the ok from their legal team a month even thought we only owe XXXX in forbearance and it should be able to repay over a 12 month span ) and they cant risk putting the forbearance to the back of the loan even though our house is worth double the amount owed. Inspire home loans even had the nerve to transfer us to the foreclosure department, where they told us we werent in foreclosure.. & then a servicing manager asked for the forbearance documentation that I have because she couldnt access it herself because she said loan care was hanging up on her.. its been an absolute nightmare. 

I even offered to pay them {$4000.00} on XX/XX/XXXX. They would not take it."
8384,Credit reporting,"Dear NAVY FEDERAL CR UNION ], This letter serves as confirmation that the debt associated with my then account has been paid in full as of [ XX/XX/year> ]. No further balance remains on this account, and it is now considered closed. 

We appreciate your prompt attention to this matter. If applicable, we will notify the relevant credit reporting agencies to reflect the updated status. 

Please retain this letter for your records. Should you have any questions, feel free to contact me."
8389,Credit reporting,My identity was compromise since XXXX I was out of the country for five years upon my return. I find out all my identity was compromised. Multiple account was opened under my name on my credit report. I reported this matter to the law-enforcement agency I received the report from the police department. I also submit a complaint to XXXX FBI I was advised by the quality report advisor from XXXX to generate and submit my report through FTC. Your time is highly appreciated. Please help me with my concern. My credit is all I have. Thank you for your time.
8390,Credit card,"They claim I activated an XXXX Rate Sale offer with a promotional rate through XX/XX/22. I did not do this. I would like to see proof and the details of this offer. 
It has affected how they processed my payments on balance transfers."
8392,Money transfer or service,"I attempted to purchase XXXX XXXX tickets through PayPal using the Pay Later / XXXX financing option. When I completed the purchase, the PayPal screen clearly showed the transaction as DECLINED. Because it was declined, I reasonably assumed the purchase had failed. 

Instead of honoring the financing plan I selected, PayPal attempted to force the charge through by splitting the purchase into XXXX separate charges of approximately {$1200.00} each, all processed at the same moment. I never authorized XXXX separate charges. I authorized only XXXX financed transaction under the promotional XXXX plan. 

I did not receive any confirmation email, receipt, itinerary, or e-ticket from PayPal or XXXX XXXX. The airline later informed me that they sent the ticket information to an old and inactive email address unrelated to the email used for the PayPal transaction. Because the payment appeared as declined, I had no reason to expect any ticket or further action. 

Days later, my debit card was unexpectedly declined. When I checked my bank account, it was overdrawn by nearly {$5000.00} because PayPal had attempted to process the XXXX unauthorized charges. When I tried to dispute the issue in the PayPal app, the system would not allow me to file a claim until the charges cleared. After they cleared, I submitted the dispute, but PayPal denied all XXXX claims individually. 

PayPal is now attempting to collect almost {$5000.00} for charges I never authorized and for a service I never received. I am requesting CFPB assistance because PayPal failed to apply the financing option, processed multiple unauthorized transactions, caused a significant overdraft, denied my disputes, and is now threatening to send this to collections."
8414,Debt collection,"Pressler and Pressler in New Jersey has been pursuing me for a medical debt of roughly {$1200.00} for the past several months. I initially set up a payment plan as I receive low income and am supporting my 14 month old daughter. I set up this payment plan in response to being sued by Pressler and Pressler with no warning. After several months of being invoiced and paying them I stopped receiving invoices. With absolutely no warning I discovered that Pressler and Pressler had garnished and frozen my bank account in attempt to collect the debt. I called them to try to resolve the issue and the only thing they would allow me to do was make a payment on a payment plan, however they would not release my bank account to me, claiming that I needed to hire a lawyer to proceed. I had to pay them using a credit card, which I am not worried I can not pay because my bank account remains frozen. The gentleman I spoke to told me that if I do not make payments I will be held in contempt of court and will possibly face charges or legal action. Without my bank account I am now unable to pay for my housing, my credit card bills, and most importantly, provide for my daughter."
8418,Credit reporting,"I noticed that MRS BPO LLC reported a {$320.00} collection account on my XXXX  credit report, listing XXXX  as the original creditor. I do not owe this debt and have no record of having any account with XXXX.

I contacted MRS BPO LLC to request validation of this debt, including proof of the original account, contract, and billing statements, but they did not provide any documentation to show that the debt is mine. Despite my request, the company continues to report this information to XXXX, which is negatively affecting my credit. 

I am requesting that the CFPB review this matter and require the company to either provide full verification of the debt or remove the inaccurate collection account from my credit report."
8420,Credit reporting,"On XX/XX/2023 I called XXXX XXXX  to dispute information that was reporting incorrectly on my credit report. I was transferred to the Credit Reporting Department with XXXX XXXX  and was told that "" your account has been purged and is no longer in our system ''. I then asked if she could at least pull up my payment history on the account and she said, "" No, I can't pull up anything about you in our system because your account has been purged from our system ''. 

On that same date, following the call with XXXX XXXX, I filed Credit Disputes with Transunion and XXXX online. I submitted a dispute letter and several files of evidence to support my claims. 

Transunion completed their investigation within XXXX business days and XXXX also completed theirs within XXXX business days. Neither of the Credit Agencies updated my credit reports with the disputed information although they both did make minor changes. 

If XXXX XXXX  has told me themselves that my account was purged and removed from their system, how did Transunion and XXXX verify any of the information that is showing on my credit report or the disputed information? 

The credit agencies actually removed half of my payment history from the disputed account. I was showing 79 % of on time payments prior to the dispute and because much of the monthly payment history was removed, my on time payment history dropped to 52 %. This account has been closed for XXXX  years and there haven't been any additional payments made on the account once it was closed. So, there's no way that my actual payment history percentage should have changed as that's not what the dispute was regarding."
8433,Credit reporting,"WESTLAKE FINANCIAL SERVICES is reporting on my personal credit file with ( XXXX ) credit reporting agency . This account was opened fraudulently. Ive informed all parties of the issue & provided the necessary documentation to support my claim. The credit reporting agency ( CRA ) & data furnisher ( DF ) are not complying with federal law in regards to identity theft. Additionally, the credit reporting agency & data furnisher have not provided me with any evidence of an open contract, signed contract or any valid proof this was opened, authorized or created by me. Since this is a strict violation of FCRA laws I need the account removed from my file. 
WESTLAKE FINANCIAL SERVI XXXX Opened XXXX XXXX, 2020 Balance {$8300.00}"
8437,Debt collection,"I had an account that was submitted to Midland Funding for collection. I logged into Midland Funding 's website to resolve the account. When I did this I noticed there was another account in the collections tab for XXXX XXXX with a balance of {$9000.00}. I opted to chat with a represenative and when I asked her how I dispute these charges and I didnt know the account she told me there was nothing she could do to help me. I checked my credit reports and the account isn't on them for me to dispute there so I logged back into Midland Funding and chatted with another represenative who was slightly more helpful. I explained to her that I needed to dispute the account and any/all charges associated with it. I told her that this account wasn't on my credit report and I asked for details on the account. I was told the account was opened in XXXX, closed in XXXX due to non payment and that it had been placed with their agency for collection. Now when I log back into Midland Funding the status is now "" in legal collection ''. I asked repeatedly how to dispute this and finally she told me I could either file a police report ( from XXXX????? ) or file a complaint with the FTC which I wasn't aware I could do. So in summary here is an account from XXXX, I happened to resolve an account with Midland Funding and now they are persuing me for 1 ) an account I didnt open and have no knowledge of and 2 ) Interestingly enough NOW they decide to contact me for payment on this account once I've satisfied another. I think what happened was they saw that I resolved an account now they are trying to get me to pay ( from XXXX ) an account I'm asking help with disputing and they dont want to help me with it. This is fraud and all I was asking for was help, I suppose I shouldn't have expected any help from a company who plans on suing me for an account I didnt open."
8441,Credit reporting,"I have asked requested the following personal statement be placed in my credit report and related to all who request my report. THe statement meets the word and character requirements but the reporting agency will not place this on my report as requested. 

"" My ID was stolen, in two security breaches. Found on the dark web, my XXXX & XXXX cards were used without authority. XXXX & XXXX were notified, provided copies of law enforcement reports obtained. I disputed the accuracy & completeness of XXXX & XXXX adverse reports to the three credit reporting agencies. Each agency gave XXXX & XXXX, notice as an adverse information furnisher. XXXX & XXXX failed to, conduct a reasonable investigation of each dispute ; review all relevant information ; modify, delete, or permanently block the reporting of XXXX & XXXX adverse information. ''"
8444,Bank account or service,on XX/XX/23 my phone was stolen at my neighborhood pool and the thief got into my account and transfer IRS check out of my account in the amount of XXXX. I sent in all necessary documents such as a police report and FBI report. The investigation team sent me documents of how the investigation came back as no error and it showed the IP of my phone that was stolen and the times of when the transfer happened i also had a XXXX XXXX XXXX XXXX and im seeing XXXX XXXX listed on the investigation doc & i now have a XXXX XXXX XXXX & also had an address that was 28 minutes from my home address that i have no knowledge of when the transfer happened. They also dont have the name of financial institution that initiated charge on the document.
8449,Bank account or service,"I purchased an American Express Bluebird card at the local XXXX. I loaded it with {$500.00} cash. 
After reviewing the disclosure document enclosed with the temporary card, I requested a refund of my money. I never used, activied or signed the card. I called XXXX days after the purchase. 
I was told when I called to check status of refund, the refund was processed on the XXXX of XXXX. I requested the refund on the XXXX. Fine, it was processed late, but I waited, going to the post office and calling the XXXX day, when the check was not received. I was put on hold and left on hold not once but twice, lied to by he first clerk who actually told me they do not process refunds, which I replied that the disclosure states quite clearly that you DO. He then put me on hold, in the ruse to get a manager, and never came back. I have been going back and forth with this since, I still have not received my refund, and the delay caused me financial setback, and stress, XXXX, pain and lack of sleep. I am at my witts end with this I can not tell you how this has caused me so much XXXX and distrust. I can not comprehend what is going on and why. Please help me get me cash refunded and the financial loss I suffered as well."
8453,Debt collection,"Navient ( formerly XXXX ) has been harassing me DAILY, calling my work/office phone numbers ( in-office and work mobile ), as well as sending me faxes at work and calling my personal mobile phone number throughout the day. They are jeopardizing my job with this incessant harassment. I have sent them a cease and desist letter, as well, and I have copies of this."
8455,Money transfer or service,"I reported my card to cash app as stolen, the cancelled my card never put a provisional credit on the account even after the police report was sent to them. They cancelled the card again and said they were closing the case. XX/XX/XXXX I lost a couple debit cards and credit cards."
8461,Credit card,"Chase is discriminating against me and opened a brand new business credit card for me and then literally shut it down 1 week later. This is wrong. I have perfect credit. they approved this account, I did not even get a chance to use it and they closed it.
I was a victim of fraud last year and Chase is discriminating against me and closed down all of my cards due to ME BEING A VICTIM > this is illegal."
8470,Bank account or service,"I have been trying to cancel my subscription to the Albert app for the past six months. Despite my repeated efforts, the company has continued to charge me monthly without addressing my requests. 

I attempted to close my account through the app, which requires a XXXX balance in the app 's savings account. However, the app does not function correctly and prevents me from completing the process. Because of this issue, I contacted Albert 's support team multiple times to resolve the problem, but they have not responded to any of my inquiries. 

This situation has left me unable to cancel my account, stop the recurring charges, or withdraw the remaining balance due to their app 's malfunction. As a result, I feel trapped in an endless cycle of charges with no way to resolve the issue due to Albert 's unresponsiveness and faulty app functionality."
8472,Bank account or service,"Am victim of identity fraud via android bank malware. My chime account was compromised from XX/XX/year> to current Ididnt know til too late that I downloaded a maleware from XXXX play summer XXXX reality, the card data is transmitted to an attacker-controlled XXXX  relay server by taking advantage of the built-in XXXX  reader built into modern devices . The XXXX XXXX  then requests the victim to enter the PIN code with the goal of transmitting the information to the cybercriminal so as to authenticate the transaction. 
As a result, XXXX establishes a channel between the victim 's physical card ( mine ) and the PoS terminal/ ATM that the cybercriminal is next to, '' XXXX explained. "" It allows the cybercriminal to use the victim 's card as if it was in their hands okay and every time I logged into my chime mobile app I gave fraudser complete access. Money was taken and transfer out my XXXX  thru all 3 of my account calls to chime been rerouted to ai fake chime customer service center I'm out $ XXXX"
8473,Debt collection,"I was told my whole loan would be forgiven. I stopped paying because of that. They harassed myself and my parents every day for 6 months because of "" oweing back payments '' which should not have been since the loans should have been forgiven. Consistently asked for paperwork that was never sent."
8475,Consumer loan,"This complaint is against USAA re : an RV Loan. I made auto bill pay pmts [ {$270.00} - XXXX, XXXX & XX/XX/2023 ] through XXXX Bank, pmts were cashed by USAA, then pmts were re-deposited back into my acct. I was not contacted to let me know of any problem and was not aware of this until end of XX/XX/2023. Also, on XX/XX/2023, I made a telephone transfer of {$1000.00} to my checking acct with USAA, but they applied it to the principal of the loan. I repeatedly tried to call them, but they wouldn't take my calls, because they would try to send me a "" secure '' number thru my text, but I repeatedly told them I couldn't receive texts while talking on the phone [ I have a flip phone ]. I am talking about XXXX calls from XXXX thru XX/XX/2023. Now they have started a repossession procedure. XX/XX/2023, I made a pmt. XX/XX/2023 I spoke to a woman who said she would listen to the phone call I made saying how I wanted the {$1000.00} applied and she would send the pmt situation to their legal dept. That was over a month ago and I have received no word as to what is happening. I have not made the XXXX nor the XXXX pmt because I don ; t know what is happening to me and I do not know when I will be homeless. The XXXX pmts are in my savings acct in case I need to catch up, that is if they will allow the # XXXX to go into my checking acct whereby I will be able to make up the back pmts. I want all penalties and extra taken off also."
8485,Debt collection,"Eastern Account System. Dear Sir/Madam, I am writing to formally demand that you cease and desist all communication with me regarding the alleged debt referenced under account # XXXX, in according with the Fair Debt Collection Practices Act ( FDCPA ), 15 USC 1692c ( c ). Please note that any further contact from your agency, except for the purpose expressly allowed by law ( such as notification of legal action or final settlement ), will be considered a violation of federal law, and I will take all necessary legal action to protect my rights."
8487,Credit reporting,"Found a student loan debt on my credit report in XX/XX/XXXX, that was opened in XX/XX/XXXX. Loan appears to have been for XXXXXXXX XXXX XXXXXXXX, that is now past due and negatively reported on my credit. I am not nor have I ever been a student at the XXXX XXXX XXXXXXXX, nor do I know anyone who has. I have never applied or received student loan monies from any school. I contacted the collection agency Central Research Inc ( as shown on credit report ) on XX/XX/XXXX, they referred me to the XXXX XXXX XXXX. I contacted XXXX XXXX XXXX on XX/XX/XXXX, filed a ID Theft Affidavit, filed a police report with the XXXX XXXX ( OH ) XXXX XXXX on XX/XX/XXXX, and a filed a report of identity theft with the FTC on XX/XX/XXXX."
8491,Credit reporting,I do not know who this company is. I have disputed it with the credit reporting companies. I requested any and all originating documents. It is in violation of HIPAA law as well. Please inform this company to remove in and all information about me from their systems. I did do not consent to any selling or purchasing of any information involving my person. I have never done business with this company. I also will report to XXXX  if necessary.
8499,Consumer loan,"Approxiamately on XX/XX/, I was in the process of purchasing a car from Carvana. I was still inputting information into their system and during that process they kept asking for income verification which I sent several times. XXXX XXXX XXXX XXXX XXXX XXXX XXXX XXXX, I explained to them that I don't use checks and sent them my bank statements. They said that they were having a problem veriying the information. The car purchase was requiring a {$1800.00} down payment that was supposed to be delivered once I had the final approval of the purchase. These folks decided to pull the money from my account while trying to still verify my income and the agent then told me that it was difficult to verify but they took the {$1800.00} from my XXXX XXXX XXXX account without having approved the transaction. It was so stressful that when my phone alerted me that they had taken the funds without me getting the car. It made me upset and told them to cancel the transaction the same day. I asked them why they even took the money before I was given the final approval and I got no response so they said they would cancel the transaction and ensure that I got my money by Monday or Tuesday. That never happened. I am filing this complaint to ask that they not be allowed to take money from anyones account without a confirmed approval of the loan for their vehicles. It is an imconvience for anyone once they take it out and then have to return the funds even when there is no deal. I think they shoudl ensure that the purchaser has a written and verified confirmation of the acceptance of the terms and fudning of the transaction."
8505,Debt collection,"Whom It May Concern, I am writing regarding the above-referenced account listed as a charge-off on my credit report. I am requesting full validation of this account. Please provide the following : A copy of the original signed agreement Full payment history Documentation showing I am legally responsible for this debt Proof of your authority to collect on this account Until proper validation is provided, I request that all reporting of this account to the credit bureaus cease. If you are unable to validate the account, please notify the credit bureaus to remove this account from my credit report. Sincerely, XXXX XXXX"
8528,Credit reporting,"The unverified items indicated below continue reporting on my credit report despite several written requests, in violation of federal law. Sections 609 ( a ) ( 1 ) ( A ) and 611 ( a ) ( 1 ) require these items to be authenticated ( A ). I will take legal action against you if you do not validate these items. Please follow the law so that this situation can be settled quickly. 
XXXXXXXX XXXX XXXX XXXX XX/XX/XXXX XXXX XXXXXXXX XX/XX/XXXX XXXX XXXX XXXXXXXX XXXX XXXX XXXX XXXX XXXX XXXXXXXX XX/XX/XXXX"
8537,Mortgage,Our home mortgage was sold by XXXX XXXX to a company called Specialized Loan Servicing LLC on XX/XX/2018. To date we have not received any information or paperwork from Specialized Loan Servicing. Today is XX/XX/2018. Nor has any payment information been sent to us from SLS. I have called to set up payments and SLS will not even speak with me regarding this note which I have authorization to speak on.When I call SLS the call is picked up in a call center in which a person can hear many conversations going on in the background. In this day and age no person wants to speak about their home mortgage in such an atmosphere. I wis to know where I stand legally before we are called late with our payment.
8538,Credit card,I used my  XXXX   XXXX  rewards  MasterCard ( Comenity )  to acquire a balance transfer to pay off anothet credit card. On  XXXX   XXXX  my account was charged  XXXX . I was charged for the balance transfer but it was not received by my other credit card.    XXXX   XXXX  wrote to me to verify the transfer was unsuccesful and my account would be credited. That was on  XXXX   XXXX  over 60 days ago.   I have not been credited and I also paid my other credit card through  XXXX  off myself.
8539,Bank account or service,"Marcus by goldman sachs has my high yield savings accounts. XXXX has my checking account. On a weekly basis, money was being withdrawn from my chase account and being sent to the Marcus account. Three separate checks were sent from chase to Marcus that were never deposited by Marcus. Two ( 2 ) checks in the amount of {$100.00} and one ( 1 ) in the amount of {$500.00}. So the total of {$700.00} was removed from my XXXX account and never deposited in my Marcus account. Further scheduled deposits, after these three checks were sent, were sent and received by Marcus so I filed a dispute. Marcus then withdrew two ( 2 ) checks in the amount of {$100.00} and one ( 1 ) in the amount of {$500.00} from my savings account and issued me a check. The check they issued me could not be cashed so I am now down the {$700.00} withdrawn from my chase account and {$700.00} withdrawn from my Marcus account. I made new accounts with Marcus and put locks that no further withdrawals should be made from my existing Marcus accounts. Further withdrawals were made and then my entire Marcus account has been locked. So now I am down {$1400.00} and can not log into my account to access any of the funds in my savings account. I called immediately when I found out my account is locked to find out why and how long and they said 7-10 business days. It's been over three weeks and they have not given me any updates about how to unlock my account and access my funds. They have all of my money and are not letting me access it despite the dispute only being about {$700.00}."
8549,Credit card,"I had bought a TV from Walmart and the 3rd party company XXXX with my Capital One Bank Card. The thing is that I want to return the merchandise do to being the wrong TV. I contacted Walmart and Capital One to open dispute and return the item. Capital One told me to wait for XXXX XXXXs to contact me within 48 hours and that they was a case XXXX XXXX. That they were going to fix the issue. I have been emailing the 3rd because they never called or send me the label for the return. Now Capital One tells me that the case is close and all I am asking is for a refund and return TV. XXXX XXXX  told me that the case was close as well, they never called or emailed me back. Need to know if something can be done."
8554,Mortgage,"I am the trustee of my mothers estate. XXXX  has refused to work with me at all. I have requested documents on multiple occasions and I am only met with combative support representatives at every occasion. When making an attempt to get XXXX XXXX for my XXXX mortgage I was yelled at be a support representative to get a lawyer. I have spent over XXXX hours on calls with XXXX  support and visiting XXXX  branches in an effort to get them to mail mortgage statements to my XXXX  XXXX  house. I have been hung up on, ignored and yelled at by XXXX  representatives. I have supplied every document they have requested multiple times. I paid off a XXXX XXXXXXXX XXXX  on behalf of my mothers estate and XXXX  refused to provide a receipt for payment on multiple occasions, and still refuses."
8558,Credit reporting,"I am filing a complaint regarding inaccurate credit reporting by XXXX XXXX on my vehicle loan for a XXXX XXXX XXXX. 

The account shows a charge-off balance of {$25000.00}. However, XXXX  repossessed the vehicle and received {$11000.00} from an auction on XX/XX/XXXX. This payment is reflected in their own documents but was never properly applied to reduce the balance. 

Additionally, the balance fluctuated month to month between {$36000.00}, {$36000.00}, and {$37000.00} in XXXX, even though no new charges or payments were applied. This violates the Fair Credit Reporting Act and results in a misleading and inaccurate representation of the debt. 

XXXX XX/XX/XXXX letter claims the reporting is accurate, yet provides no clear calculation of how they reached the current balance. 

I previously disputed this through Experian, but no correction was made. I am requesting deletion of this tradeline due to XXXX failure to provide consistent, accurate, and verifiable information."
8563,Consumer loan,"I called and spoke with two different customer service agents. The first agent was of no use and hung up on me. I hope their call is recorded so they can disciplined. The second call was more pleasant, but not helpful. 

Upgrade is misallocating my loan payments. 

My XX/XX/XXXX payment of {$85.00} was my normal XXXX payment that due on XXXX ( my normal due date is the XXXX of every month ). Then, on XX/XX/XXXX, I made another {$100.00} regular payment ( that is, it was NOT A PRINCIPAL ONLY PAYMENT ). That should covered my XX/XX/XXXX payment due date. However, it did not. On XX/XX/XXXX, I made yet another payment and your web interface for my loan clearly stated that it was supposed to goes towards the XX/XX/XXXX payment. Thus, leaving my XXXX payment that would go towards XX/XX/XXXX. T Initially, your system did this without issue. However, for some reason your system has improperly changed things and misallocated my XX/XX/XXXX payment. Thus, causing a chain reaction to the XX/XX/XXXX payment and the subsequent due dates. I have provided you with a screenshot of my payment history and payment breakdown between principal and interest paid."
8571,Bank account or service,"CashNetUSA ( https : //www.cashnetusa.com/ ), a Payday loan provider, fraudulently charged my checking account via my debit card XXXX payments of {$500.00} on XX/XX/2023 ( total {$1000.00} ). 

I have never heard of CashNetUSA, and I have never taken a payday loan from them or anyone else. I have called them ( XX/XX/XXXX conversation with Cust. Service Rep XXXX XXXX ) to confirm that I do not & never have had an account with them. They will not submit my claim to their fraud department unless I have a police report ( XX/XX/XXXX conversation with CSR XXXX ' ), but my local police will not file a police report without a notarized letter from CashNet saying I was defrauded ( XX/XX/XXXX police visit ), which CashNet will not provide, so I do not have a path forward. 

I have cancelled my card with my bank and the bank has launched an internal fraud investigation, but CashNetUSA is knowingly accepting fraudulent money as they have confirmed with me that, according to their own records, I have never done business with them. If needed, I have recordings of these phone conversations."
8573,Bank account or service,Around XXXX of 2023 i was logged out of my account and was called that my account would be closed for fraud and no further details were explained not even what for until i talk to someone at the branch and was told a checked was bounced in my mobile account which I showed her I could not get into because my account was locked out to me I asked to provide the check and asked to compare signature that was signed and the hand writing nothing else was explained
8574,Debt collection,"I received a bunch of documents from the attorney XXXX XXXX XXXX XXXX, XXXX  ) representing XXXX XXXX XXXX XXXX XXXX with Account Summary and Payment Information. XXXX XXXX XXXX did not provide me, the consumer, with a Statement of Account. The attorney only provide an Account Summary from PayPal Credit. I believe that the account is over XXXX XXXX XXXX and the attorney is trying to collect payment after the State of Arizona Statute of Limitation."
8578,Money transfer or service,On XX/XX/year> at XXXX I received {$3000.00} to my XXXX account. I then transferred the {$3000.00} to my cashapp account. At XXXX my personal debit card was unlinked from my cashapp account. Also at XXXX I received emails from cashapp about a withdrawal of {$2500.00} to a XXXX XXXX card from XXXX XXXX XXXX . At XXXX I received another notification of an attempt to withdraw {$470.00} to a different XXXX XXXX XXXX XXXX XXXX but Im assuming cashapp blocked that withdrawal because they noticed my account was hacked and it wasnt me withdrawing the money. The withdrawals happened within basically 1 minute with the hacker being able to link and unlink the two different debit cards almost instantly. Its nothing I could do to stop it. It happened that fast. Its almost like the hacker was waiting for me to transfer the money to my cashapp account. Cashapp has a serious security issue that the government needs to monitor. I need my money back immediately. Cashapp is currently investigating they say Ill have a response in 2 business days. I hope for the best.
8585,Credit card,"I write to follow up on Complaints XXXX of XX/XX/XXXX and XXXX of XX/XX/XXXX. Barclays responded to such complaints yet the issue of an overcharge on my account remains unresolved since early XX/XX/XXXX when I first contacted Barclays about such overcharge. Barclays ' measures have been temporary, reversed, and temporarily reinstated. Thus, the issue still remains unresolved. In addition to the documentation I have already provided Barclays more than once, I am willing to coordinate a conference call between the merchant and Barclays if that will help Barclays conclude its investigation or request any further specific documents it may so require. I am eager to conclude this matter and close my account with Barclays. 

I have called Barclays yet one number included in its last letter of XX/XX/XXXX is a wrong number and no person answers the "" direct line '' provided in such letter. I have left messages and await a response. 

The time it is taking to resolve this matter is extraordinary."
8586,Credit reporting,I've requested that all soft inquiries that are 2 years old be removed from my credit report immediately. There is no valid reason for any inquiries that are 2 years old to remain on my report. There is no reason to make this a long term investigation
8591,Credit reporting,"Equifax is knowingly reporting negative information from the following creditors : XXXX XXXX : Despite the information in its entirety is inaccurate, outdated ( XXXX ) and unverifiable. I have requested to Equifax to have this information removed, corrected or validated, however, Equifax continues to knowingly report the information. For example, it reports that my last payment was in XXXX. This is incorrect, the last payment was made in XXXX and it went delinquent in XXXX and another activity has occurred since XXXX. 

XXXX XXXX XXXX : It is reporting as a charge off, however, this account was paid on time from XX/XX/XXXX to XX/XX/XXXX, at that time it was incorporated and paid through Chapter XXXX bankruptcy and recently it was discharged in Chapter XXXX bankruptcy Equifax is reporting the information being reported was updated and accurate as of XX/XX/XXXX. I have notified the reporting agency that they are reporting inaccurate information and I have asked them to verify the validity and description of the debt. Equifax continues to report the information has been verified and no changes will occur on my report. When I try to redispute it Equifax reports that I am disputing a previously disputed information and refuses to change it. 

XXXX ( XXXX ) : This information is also being reported inaccurate. It is being reported that the amount was charged off and the amount charged off is inaccurate. Equifax reported its accuracy as of XX/XX/XXXX. These account was discharged within my bankruptcy and is not charged off."
8593,Credit reporting,"This particular account situation that is lately filing on my own credit document has a seriously unfavorable relation to my personal ability to obtain a present loan application. I highly recommend you generate verification that KOHLS/CAPITAL ONE has been reported completely in accordance with the Fair Credit Reporting Act regulations, it's really a serious problem to mis-report. Moreconfirmation of the aforesaid item too. My proper request mustover, I was never 30 days/60 days/120 days late in any of my payments and I'm not greatly tuned in to the date opened so I prefer to ask your be investigated as soon as possible and confirmed to be correct. Thanks!"
8597,Bank account or service,"XX/XX/2025 {$150000.00} dated XX/XX/2025, {$350000.00} dated XX/XX/2025, {$65000.00} dated XX/XX/2025 and {$10000.00} dated XX/XX/2025. We received your request for a follow-up for this wire transaction / reference number : XXXX ; XXXX ; XXXX and XXXX Subject : Urgent Help Needed Fraudulent Wire Transactions Totaling {$570000.00} I am writing this message in deep distress and with great disappointment. On XX/XX/XXXX, I was involved in an accident and lost my wallet and phone. 
A '' er this incident, I discovered that XXXX wire transfers totaling {$570000.00} were made from my account without my knowledge or authorization. 
I suspect someone used my lost personal information to carry out these transactions. When I contacted the receiving party, they told me the money was sent to a platform called "" XXXX XXXX XXXX. '' I told them I have no idea who this company is and that I never traded on any platform. I begged them to return my money, but they responded very rudely and unhelpfully. 
This is 100 % a case of fraud. I have already reported it to my bank, and they are currently investigating. They mentioned they would attempt to recall the wire transfers from the recipient 's bank, but I am unsure if I will get my money back. 
This money represents 10 years of hard work and savings. I even sold my home in XXXX to save this amount with the intention of buying a house in the XXXX. Now, everything is at risk, and I am completely devastated. 
Please, I am begging for help. I dont know what to do, and I desperately want my money returned."
8601,Mortgage,"On XX/XX/year>, I contacted my mortgage servicer to request that my {$10000.00} XXXX XXXX, XXXX property tax bill be paid from my escrow account. During this call, I provided the servicer with a copy of the tax bill and the Property Index Number ( PIN ), which are the documents needed to process the payment. The representative stated they needed to verify the propertys legal description with XXXX XXXX and asked me to call back in one week. 

On XX/XX/year>, I called for an update. The servicer reported no progress and instructed me to wait until XX/XX/year>, even though the tax payment is due XX/XX/year>. No explanation was provided for the delay despite the servicer having all required documentation. This delay puts me at risk of a late property tax payment through no fault of my own. 

During the XX/XX/year> call, I requested to speak with a supervisor. I was told a supervisor would return my call within 24 hours. I did not receive any follow-up call. The servicer has failed to process a routine escrow disbursement in a timely manner and has not provided adequate communication or escalation."
8603,Bank account or service,Made a wire transfer from XXXX XXXX XXXX from my savings account on XX/XX/24 i have XXXXaccounts the checking savings and brokerage which they authorized then the next day they froze all XXXX accounts before reaching out to me which they say was for unusual activity called on XX/XX/XXXX took along time to get through on hold for at least XXXX minutes talked to XXXX XXXX  XXXX XXXX am he said call back at XXXX again on hold then spoke to XXXX XXXX  on hold again finally talked to the security team they asked many questions i tried to tell them this and other transactions are legit i sent them i signed letter saying so then they wanted a trusted contact i gave them that then they wanted to speak to her then i contacted they security team and me and her spoke to them again on XX/XX/XXXX to no avail they are saying something like identity theft i keep trying to tell them this is not so im retired on social security and i have XXXX figures there and i need some of that money to make ends meet most of my life savings is there and they are causing me financial hardship im am so sorry i ever put my money there i have {$190000.00} there and cant do anything cant withdrawl cant buy stock or sell cant write checks
8608,Mortgage,Bank of America representatives have put my home into foreclosure. I was told that I had the option to do a deed in lieu of foreclosure but never received the paperwork. I 've put my home up for sale and have received a contract from a buyer at a price that is higher than what I owe on my mortgage balance. Bank of America representatives have not responded.
8609,Debt collection,I received a phone call at my place of employment from someone who identified them self as a XXXX XXXX at XXXX who was trying to collect a debt. This is the first contact I have had with this party and have received no mail etc I do not know the name of the company and I have no address to send a letter to request a verification of said debt. I do not want to be contacted by phone at work or at home and would prefer email contact. I need verification of said debt and original creditor and any supporting documents.
8612,Credit reporting,"Compass Bank in XXXX XXXX, CA has reported to all the major credit agencies that we have been delinquent on multiple occasions. The bank has admitted fault due to human error. Apparently, the funds were deposited into the incorrect accounts and automatic withdrawals could not be made, leading to late payments. Despite admitting these mistakes, the credit agencies have not been notified and my credit rating has been substantially impacted. Investigations are pending with all three agencies. The bank should be investigated for questionable standards and practices."
8613,Debt collection,"The company is called XXXX XXXX XXXX and the associated phone number is XXXX XXXX XXXX XXXX. 

The person name is XXXX and she has called many third party contacts in regards to my account. The following below is who she have contacted : XXXX my neighbor on XX/XX/XXXX XXXX my mother on XX/XX/XXXX My employees at our help desk on XX/XX/XXXX The phone calls are excessive to the rate of each hour."
8615,Money transfer or service,XX/XX/XXXX PayPal limited my account with XXXX in the account the limitation end date was a 180 days which was up XX/XX/XXXX of XXXX I have yet to receive any email to withdrawal funds and was told a ticket has been submitted which was 3weeks ago and funds are still being help PayPal agreement states after 180 days funds will be released yet my funds are still being held.
8632,Credit reporting,"I am a victim of identity theft. The information listed below, which appears on my credit report, does not relate to any transaction ( s ) that I have made. It is the result of identity theft. 

Account Number XXXX XXXXXXXX XXXX {$4400.00} POSTED ON XX/XX/2021 CREDIT REPORTING FOR OVER 7 YEARS GOES AGAINST FAIR CREDIT REPORTING ACT ALSO A FRAUDULENT ACCOUNT"
8638,Consumer loan,"I financed a car through Toyota financial services, a bad mistake. They make you jump through hoops just to get approved. I usually go through my credit union and will do so from now on. Unfortunately I was T-boned in an intersection and my vehicle was declared a total loss on XX/XX/21 with the check being sent out that week. It is now XX/XX/21 and they STILL haven't updated their records to show that there is a total loss payoff. Yes, they still took my payment for the month it was due. They refunded me the payment for the next month but they have yet to show the car was paid off. I reached out to them 3 times about this. When I am late on my payment I am penalized with a late fee right? Toyota Financial Services should have the same burden of obligation to ensure their processes are working and not taking customers money for non existing loans!"
8644,Consumer loan,My XX/XX/scrub> 2024 payment was made prior to my loan being moved over to the new Mohela platform. The amount was taken out of my bank account yet it did not get applied to my loans by the organization and I had to pay again as it showed I was delinquent. I have contacted them XXXX times via secure message and once via phone in order for that to be rectified. I have been double charged and was never reimbursed for the extra payment. I would like for that to be done quickly as it has now been XXXX  months since my complaint and nothing has been done.
8649,Money transfer or service,"On XX/XX/year>, I sent {$180.00} via XXXX through Bank of America to a phone number by mistake. The payment was intended for a different person. The recipient is enrolled with XXXX under the name XXXX XXXX. 
As soon as I realized the error, I contacted Bank of America and requested recovery of the funds. I also attempted to contact the recipient, but the recipient blocked communication and did not return the money. 
Bank of America informed me that the transfer was considered authorized and denied my claim. I requested confirmation of recipient bank outreach and documentation supporting the decision, but I did not receive clear information or evidence that recovery efforts were successful. 
I am requesting assistance to ensure proper escalation, transparency regarding recovery efforts, and reconsideration of my request for reimbursement or recovery of the funds."
8661,Credit reporting,"The purpose of this hardship letter to explain XXXX XXXX and XXXX XXXX position of the hardship that occurred with a collision with the negligent driver. On XX/XX/XXXX XXXX XXXX was actively working as an XXXX XXXX XXXX XXXX and was the victim of a negligent driver performing an illegal traffic stop according to the local police report. As a result of the collision the car was deemed a total loss. XXXX spoke with a Wells Fargo representative on the issue of deferment after realizing there was no gap insurance to help cover the remaining balance. XXXX was advised not to defer and wait for the responsible party to cover the damages. On XX/XX/XXXX I spoke with agent XXXX # XXXX and requested a call back with a supervisor to negotiate the charge off and the impact on credit that did not happen within the time agreed. I called back and spoke with a supervisor with the option of a settlement plan. We agree with the settlement plan but the back dating of credit reporting we do not agree for the reason of the direction given by a Wells Fargo agent not to defer, we did not have possession of the vehicle, loss of supplemental income that was used during the application of the loan and financial hardship when XXXX could no longer work. I have included a letter of representation from the attorney. Thank you for your time."
8663,Credit reporting,"On or around XX/XX/XXXXXXXX XXXX  I noticed a derogatory account reported by Resurgent Receivables on my credit report, referencing an alleged debt originally from XXXX XXXX Bank, XXXX. The account shows a balance of {$500.00} and states it was opened on XX/XX/XXXX. I was not notified of this debt prior to its appearance on my credit report, and I do not recall incurring or authorizing this debt. 

To date, I have not received any written communication from Resurgent Receivables, nor any attempt to notify me of their intent to collect, as required by 15 U.S.C. XXXXg ( Validation of debts ). Furthermore, there appears to have been a failure to follow the proper procedures for communicating with a consumer under 15 U.S.C. XXXXc, which regulates how and when a debt collector may contact a consumer. 

I have not received a proper debt validation notice, and I was not given the opportunity to dispute the debt before it was reported to credit reporting agencies. I sent a written request for validation to Resurgent Receivables and have not received a response. 

I am disputing the accuracy and validity of this account. Until proper documentation is provided that proves the debt is valid and collectible, I request that this item be removed or marked as disputed on my credit report, and that all collection activities cease immediately, in compliance with federal law."
8669,Credit reporting,on XX/XX/2022 i sent a letter in regards to inaccurate items on my credit reports. its been more than 70 days and i have not receive any validation of debt or results of the investigation. Section 611 ( a ) states that a failure to investigate the items within 30 days gives a reason to delete the items immediately from my credit report. It has been more than 70 days so they should be deleted promptly. I demand these accounts be deleted immediately or i will file for litigation due to all stress caused to me.
8671,Credit reporting,"Hello, I ordered my credit report for the first time in years in XX/XX/XXXX and discovered 8 accounts that were in question. I sent notarized and certified verification letters to the three major credit bureau XXXX XXXX, Equifax, XXXX and also directly with those creditors. I've had success and down to 3 account still ignoring me and reporting negatively with no verification. 

XXXX XXXX XXXX / XXXX XXXX has not and will not verify the account in question. This inaccurate information is reporting negatively on my credit report. 
I've been asking for verification for 6 months in certified and notarized letters. 

They replied once on XX/XX/XXXX The letter stated the account had be sold to XXXX XXXX which also included a non letterhead computer faded copy of a copy statement. 

On my credit report it's stating XXXX XXXX with remarks stating sold to another lender. I have no knowledge of this account which was opened in XXXX. Please help me."
8679,Mortgage,"I received my first mortgage payment statement on XX/XX/XXXXXXXX  and it showed {$300.00} they were charging me for taxes a month. I paid it, but was told they over charged for taxes. I called Triad XX/XX/XXXXXXXX  and spoke with a Supervisor, XXXX, and said that is what my county Treasurer sent to them that that is what the estimated tax are. I said no that I am not paying that amount in taxes because they over charged me. He said to go to my County Treasury Office and they would give me the amount to charge. I went to my County Treasury Office and they said they don't show anyone living at this address. I then called Triad back on XX/XX/XXXXXXXX  and spoke with XXXX again and he said my County Treasury Office sent them this information. I have been up to my County Treasury Office three times and they said they never sent them any information about this. I then went to the County Assessors office and they showed me that the place I'm living at has not been assessed yet and that I don't owe any taxes until XXXX. I then called Triad back and talked to XXXX XXXX who is the contact information on the loan. She said the same thing that that is what my County Treasury Office sent them. I asked for a copy of exactly what the XXXX County Treasury sent to them and I have not received it. I then called Triad again on XX/XX/XXXXXXXX  and got the same thing said to me. I called Triad on XX/XX/XXXXXXXX  and nothing is being done about this. I don't know where they pulled this figure from but Triad  is known to overcharge for taxes in this Mobile Home community."
8680,Bank account or service,"Bank of America has processed a payment against my checking account without permission. They have refunded the credit to my checking account and now state that I owe them the amount of the credit. My balance is {$0.00} but they are stating that I owe them.

I have bank statements and documentation to back up this claim. I have called customer service to close the account and was hung up on by the representative. I would like someone to contact me ASAP."
8683,Mortgage,I am behind in my mortgage payments and have a foreclosure sale date scheduled on XX/XX/2016. I have applied for a loan modification with my mortgage company and they are saying they dont have enough time to finish the review and are going to take my home to sale. I need help in any way possible to get them to postpone the sale date. Please help!!!!!
8688,Money transfer or service,"PayPal - negative {$1000.00} XX/XX/XXXX Transfer Loading transaction details for PayPal - negative {$1000.00} XX/XX/XXXX Transfer There is an open dispute associated with this transaction. Visit the XXXX XXXX to view status. 
Paid with Balance {$1000.00} Transaction ID XXXX Seller info PayPal Note {$1000.00} USD ; PayPal Posting Date : XX/XX/2019 ; Payment to : Paypal ; PayPal 's damages caused by Acceptable Use Policy violation My email is XXXX XXXX"
8722,Credit card,"I received a XXXX credit card that I did not apply for. I noticed in my email this morning an email showing that I had a payment due XX/XX/year>, with a balance of {$860.00} and the new balance is {$880.00}. Which I have not received any goods or services for. I have called XXXX and reported the fraud and an investigation has been started. This was in addition to XXXX separate letters that I received in regards to XXXX different credit card applications which I have not applied for."
8728,Debt collection,"I am writing to file a formal complaint regarding repeated phone calls from a debt collector during my XXXX to the XXXX theater. These calls have occurred multiple times during the night and early morning hours, significantly disrupting my sleep schedule. 

Dates of the calls : The calls typically occurred from XX/XX/XXXX to XX/XX/XXXX, often between XXXX XXXX  and XXXX XXXX  local time. 
Impact on my sleep : Due to the time zone difference, these calls were particularly disruptive to my rest. I was repeatedly awoken, leading to a lack of adequate sleep necessary for my duties. 
Consequences : As a result of these disturbances, I have been late for work on several occasions. This not only affects my performance but also impacts my overall mental and physical health during a critical time in my XXXX. 
I have attempted to inform the debt collector that I am currently serving overseas and requested that they cease calling during these hours. However, my requests have not been respected, and the calls continued."
8732,Credit reporting,XXXX XXXX DATE ; XXXX XXXX XXXX XXXX XXXX I HAVE NO KNOWLEDGE OF THIS. THIS IS FRAUDULENT ACTIVITY REPORTING ON MY CREDIT FILE I DID NOT CONSENT TO THIS ACT OF FRAUDULENT ACTIVITY I WOULD LIKE THIS REMOVED FROM MY CREDIT REPORT.
8733,Consumer loan,"For the following two loans
  1-01 DL Consolidated - Unsubsidized, disbursement date XXXX
  1-02 DL Consolidated - Subsidized, disbursement date XXXX
Navient lists XXXX as the receiver. I did not go to XXXX in 2014."
8734,Credit card,"I had a false charge on my account, which I reported last XXXX. 
Chase provided an "" explanation '' of their review outside of the 90 days required by the Act. As a result, I had discarded my own paperwork. Chase did not provide ( 1 ) evidence supporting theor reason for denying my claim; ( 2 ) Evidence of my debt; ( 3 ) Evidence that the goods were delivered to me plus a statement to that effect. Chase is not taking this seriously as all these are required by the Fair Credit Act ( 1974 )."
8735,Mortgage,"Was I suppose to receive the response from the company dated  XX/XX/XXXX ? I never received that response in the mail or by email or by Ditech website. I only just viewed it on this site today Complaint Numbered #  XXXX . My Internet access is spotty so I ca n't often retrieve information/emails/etc. Further, when I 've gone on th e Ditech website this response was not post there either. Thus, Ditech has initiated fore closure process with a firm called  XXXX   XXXX   XXXX . Attached is my response to a letter  XXXX   XXXX   XXXX  sent me on  XX/XX/XXXX . Could CFPB please inform Ditech,   XXXX   XXXX   XXXX   XXXX    XXXX  and/or any of their representatives that they must actually respond to the complainer and not only CFPB. Had I seen this response several months ago, I would have initiated action on my part."
8745,Consumer loan,"XX/XX/2023. On XX/XX/XXXX i made a payment to my balance and assumed the payment would go to principal since the payment due date is not until XXXX XXXX however, the payment of {$500.00} was paid directly to all the interest. I see that this is a problem and loans will be very difficult to pay off if payments made on the account will go to interest first."
8748,Mortgage,"WELLS FARGO & COMPANY, AND ALL AFFILIATES AND ALL SUBSIDIARY ' S OF THE PARENT, WELLS FARGO & COMPANY. IS SAYING THEY OWN MY MORTGAGE AND NOTE/ I HAVE CHECK IT BY AUTOMATION ON THERE PHONE SYSTEMS. AND HAVE COME UP WITH IT SAYING THEY DO NOT HAVE A MORTGAGE IN THE NAME OF THE PARTY. SO HOW COULD A AFFILIATE OF OR A SUBSIDIARY OF WELLS FARGO & COMPANY SAY THEY OWN MY MORTGAGE AND NOTE? WHEN THEY SAY THEY DO NOT AND HAVE NEVER HAD A MORTGAGE AND NOTE OF THE SAID PARTY? I HAVE FILED THIS SAME COMPLAINT TO THE DOJ, FBI, AND ATTORNEY GENERAL OF MASS. WANTING ANSWERS."
8750,Credit reporting,"I am filing a complaint against Vance & Huffman LLC for failing to properly investigate my disputes regarding inaccuracies in my credit report. Despite my submissions, Vance & Huffman LLC consistently responds within 24 hours stating the account is accurate, without providing any evidence of a thorough investigation. This practice violates the Fair Credit Reporting Act ( FCRA ), 15 U.S.C. 1681i, which mandates a reasonable investigation of disputes. Furthermore, Vance & Huffman LLC actions may also contravene the Consumer Financial Protection Act ( CFPA ), 12 U.S.C. 5536 ( a ) ( 1 ) ( A ) - ( B ), as highlighted in the CFPB 's recent administrative proceeding XXXX XXXX XXXX XXXXXXXX ) against them for similar violations. I request that the CFPB take action to ensure Vance & Huffman LLC complies with federal law and provides consumers with the necessary proof of investigation.

Also, I request deletion of all fraudulent items and information within 30 days pursuant to FCRA 609 ( e ) ( 15 U.S.C. 1681g ( e ) ) Disclosures to Consumers Information Available to Victims."
8752,Consumer loan,"I purchased a plan through a company called XXXX XXXX XXXX. I financed my plan with this company that uses Universal Account Servicing to do their billing. XXXX XXXX XXXX uses false advertising and misleads the public as to what services they are selling. It was not until my 2nd couching session that I realize what I had signed up for which was well out of my 72 hour cancellation period and I had been lied to. Every phone conversation that I have ever had with XXXX XXXX XXXX   and Universal Account Servicing has been recorded to an app on my phone. I'd be happy to share these conversations if needed. I have tried to cancel my account and contract with both companies. XXXX, has deleted me out of their system except for the financial part. UAS has told me that all they need is something in writing from XXXX  to cancel my contract. I have emailed UAS 2 different phone conversations with XXXX  where 2 different representatives of their company state that the contract has been cancelled, which is obviously a lie after I spoke to UAS. My problem with UAS is that they do business with a company that has salesman that lie to the public, their consumers, and that use false advertising and refuse to cancel my contract."
8755,Mortgage,It has now been over 30 days since our 2 loans were paid in full to Bayview yet we have not received the return of our escrow funds. They owe us over {$17000.00} and they are not answering their phones. NOTHING gives them the right to keep my money.
8771,Money transfer or service,"Complaint to CFPB regarding Capital One I am filing this complaint against Capital One regarding unauthorized electronic funds transfers and inconsistent dispute handling. 

Two separate disputes were opened regarding transfers to similarly named companies : 1. Dispute # XXXX payment via link to XXXX XXXX approved by Capital One. 
2. Dispute # XXXX payment via XXXX to XXXX XXXX denied by Capital One. 

Facts common to both disputes : The transfers were made without my consent ; I had no contractual relationship with the actual recipients. 
The transfers were misrepresented : I was provided payment details for a company whose name matched the company with which I had a contract. 
The first dispute was recognized as unauthorized and approved, but the second dispute was denied solely because the payment was made via XXXX, with Capital One claiming that XXXX does not assume responsibility for authorization.

Legal basis : The key issue making the transfers unauthorized is misrepresentation via similarly named companies, which renders the transfers unauthorized under Regulation E ( 12 CFR Part 1005 ).

Capital Ones denial of the second dispute, despite identical evidence and circumstances, constitutes double standards and a violation of federal consumer protection law.

I request that CFPB : 1. Investigate Capital Ones inconsistent application of Regulation E ; 2. Require Capital One to reopen and fairly adjudicate Dispute # XXXX ; 3. Ensure that the unauthorized funds are returned to my account.

Attachments : Correspondence with the Russian company ; Signed contract with XXXX XXXX ; Screenshots and payment instructions ; Bank statements ; Registration documents for XXXX XXXX ( XXXX )."
8773,Credit reporting,"The Police Report tells what happened! 
Resurgent took over the account!! 
So I'm responding to the 5 questions resurgent states to reinvestigate for fraud by different departments, and show different documents relating to the subject, unauthorized use and fraud and suspect charged!!!! 
I'm the victim here XXXX XXXX XXXX  by FCRA and CFPB LAWS!!! 
SHOULD HAVE CLOSED THE ACCOUNT AND THEN SENT ME A NEW CARD, WITH MY REFUND ( FDIC )!!! 
BUT INSTEAD, THEY SOLD MY INFORMATION TO LVNV, NOW, RESURGENT, WHEN THEY CHARGED OFF!! 
I DONT OWE XXXX  XXXX XXXX  ANY MONEY!!! 
IM ASKING XXXX  XXXX XXXX, LVNV, AND RESURGENT TO DELETE ANY AND ALL INFORMATION ABOUT ME FROM ALL 3 MAJOR CREDIT REPORTING AGENCIES ASAP!!"
8774,Mortgage,"***On XX/XX/XXXX we closed on our home with XXXX XXXX XXXX with our closing statment/HUD having a monthly payment of XXXX ***In XXXX I received a letter that Lakeview Loanservicing had bought the loan, our first payment was due XX/XX/XXXX in the amount of XXXX and change. 

***On XX/XX/XXXX my mortgage cleared for XXXX ***on XX/XX/XXXX my mortgage cleared for XXXX ***On XX/XX/XXXX I received a letter that my mortgage was passed due on a companies letterhead I had never heard of. I called and spoke with them, was told they own Lake view and my mortgage was never XXXX is is XXXX. After an hour on the phone I was told that they found the error, it was on their end. Everything would be fixed on XX/XX/XXXX. 

***On that following Monday I was called at work and told that I was past due on my morgage. Again took approximately 30 min she found the issue, said until XX/XX/XXXX I will get daily robocalls that my mortgage is past due. I told that Can not happen as I am at work everyday. 

***The calls stopped until XX/XX/XXXX, wherein I was told that my mortgage was past due as they applied my payment to my escrow account. I asked why, she said she had no idea. Placed me on hold after 30 minutes I was disconnected and was unable to call back. 

**At this point I don't know what to do, while I have never missed a payment or paid short, they continue to harass me with a different issue each month"
8776,Money transfer or service,"cash app is the company that is holding back {$3900.00} from a friend of mine I had a mistaken dispute on transactions i made with a recipient/friend of mine on XX/XX/2023, and on XX/XX/2023, the funds were reversed >>>> the funds from several transaction 's ( over XXXX ) were taken from my friend. So, I called the financial institution to cancel the dispute and return all the funds back to the recipient which they did, and cash app is saying they don't see the funds. I have been back and forth on the phone with XXXX XXXX  and cash app and I am getting nowhere this situation. in total there is {$3900.00} that is hanging in the air at cash app. I have statements and documents that funds were taken from me but never in the account of the recipient. I don't know what to do anymore this has been going for over a month now. Cash app keeps telling me there is no funds returned on their end and my bank keeps telling me the funds were sent back."
8789,Credit reporting,"XXXX XXXX XXXX and the XXXX dealership were notified that the person leasing the vehicle was going to purchase the car in full. Both XXXX and the dealer notified the buyer NOT to pay the last month 's lease payment, and instead, that amount would be included in the buyout payment. The purchase went through smoothly, but in XX/XX/2018 XXXX reported a late payment to XXXX for the vehicle, which is now on my credit history. Other than this false report, my credit is perfect with a XXXX+ rating. 

I called XXXX, and they told me that they don't have a record of this report, and that I have to provide them with a letter to prove the issue. This is not my job! XXXX should be doing everything to fix this! 

Even though it's not my job, I did send XXXX a fax with all of the details. I have also reported this issue to XXXX. Both were done on XXXX."
8801,Bank account or service,"Received debit card and account opened letters in mail from PNC Bank in my name. I did not open any accounts at PNC Bank. Debit card received Friday, XX/XX/2021. Received "" Thank You for opening '' letter for three accounts that weekend. Called PNC Friday re : the debit card and they completed a form and stated I'd get a call from fraud team within 24 hours. Did not receive call. Called again Monday re : the letter and the three accounts and was told a search would find all accounts opened in my name and close them out. Received confirmation letters dtd XX/XX/2021 that the three accounts were closed. Also placed fraud alert with credit reporting agencies on XX/XX/2021 & today filed police report with XXXX XXXX Police Dept."
8815,Credit reporting,"In accordance with the Fair Credit Reporting Act has violated my federally protected consumer rights to privacy and confidentiality under 15 USC 1681. 

I told XXXX, XXXX, and Equifax to reinvestigate these accounts : Account name XXXX XXXXXXXX XXXX  XXXX, Account number XXXX Account type Secured XXXX, Date opened XX/XX/XXXX, Status Paid, Closed. 

Account name XXXX XXXX XXXX, Account number XXXX Account type Credit card, Date opened XX/XX/XXXX, Status Paid, Closed. 

Account name XXXX, Account number XXXX, Account type Charge Card, Date opened XX/XX/XXXX, Status Paid, Closed. 

Account name XXXX XXXX XXXX, Account number XXXX, Account type Auto Loan, Date opened XX/XX/XXXX, Status Account charged off. {$14.00}, XXXX written off, Status updated XX/XX/XXXX. 

Account name XXXX XXXX XXXX  XXXX, Account number XXXX Account type Secured Loan, Date opened XX/XX/XXXX, Status Paid, Closed. 

Account name XXXXXXXX XXXX XXXXXXXX, Account number XXXX, Account type Credit card, Date opened XX/XX/XXXX Status Closed. Status updated XX/XX/XXXX Account name XXXX XXXX, Account number XXXX Account type Education, Date opened XX/XX/XXXX Status Paid, Closed. {$28.00}, XXXX written off, Status updated XX/XX/XXXX However, they stated everything was complete and accurate. But how is that possible if the open date, date of last activity and much more is incorrect. According to 15 USC 1681i ( 5 ), they are supposed to modify accounts that aren't reporting correctly.

15 U.S.C. 1681s-2 ( A ) ( 1 ) A person shall not furnish any information relating to a consumer to any consumer reporting agency if the person knows or has reasonable cause to believe that the information is inaccurate."
8821,Money transfer or service,"I am writing to formally express my concerns regarding Zelle 's handling of disputes. In light of the recent CFPB lawsuit highlighting significant issues with the platform and its lack of accountability regarding not including warning signs. Despite using Zelle numerous times and reporting discrepancies, my financial institution and Zelle failed to investigate my claims adequately. They informed me that recovering lost funds was impossible and that tracking these transactions was unfeasible. The CFPB 's findings indicate that Zelle has not only neglected to protect consumers but has also allowed repeat offenders to exploit the system, leaving users vulnerable to scams. This lack of accountability and transparency is unacceptable and raises serious concerns about consumer safety."
8827,Bank account or service,"Several years ago, Citibank closed both my checking account and my Citi XXXX credit card. The only explanation I received was that I was moving large amounts of money and suspected of hiding funds. This is not correct. All transactions were legitimate, and I have always paid all required taxes. 

On XX/XX/year>, I emailed Citibanks Executive Response Unit ( XXXX ) requesting a review of the closure, confirmation of any internal flags on my record, and guidance on how to restore my relationship and reapply for the XXXX card. I also contacted XXXX XXXX XXXX XXXX the same day. 

As of today, more than XXXX weeks later, I have received no response from Citibank or XXXX. I am requesting regulatory assistance to obtain a written explanation of the closure, removal of any improper internal flags, and a clear path to reestablish my relationship with Citibank."
8831,Mortgage,I am a single mother of XXXX. I work full-time and I'm in school studying to be a XXXX XXXX. I'm hoping to be certified by the end of the year. I am struggling with my mortgage payments. I am 4 months behind and I'm concerned I'm going to lose my home.
8850,Debt collection,"When can a debt collector report my debt to a credit reporting company? 
The CFPBs debt collection rule requires debt collectors to take certain steps before reporting a debt to a credit reporting company. Once the debt collector has followed the rules about how to contact you, then they can report your debt to a credit reporting company, provided they follow other laws about credit reporting.

The CFPBs Debt Collection Rule clarifying certain provisions of the Fair Debt Collection Practices Act ( FDCPA ) became effective on XX/XX/2021. 
Learn more about the Debt Collection Rule and your debt collection rights. 
Before a debt collector can report your debt to a credit reporting company, the debt collector must do any one of the following : Speak with you in person about the debt, Speak with you by telephone about the debt, Mail you a letter about the debt and wait a reasonable amount of time ( generally 14 days ) for a notice that the letter wasnt delivered, or Send you an electronic communication about the debt and wait a reasonable amount of time ( generally 14 days ) for a notice that the message wasnt delivered. 
If a debt collector sends you a validation notice about a debt, it means they have satisfied their requirement to contact you and, in general, can begin to report the debt to credit reporting companies. 

Whether or not you have a debt in collection, its important to frequently check your credit reports for accuracy. If you think a debt collector has improperly reported a debt to a credit reporting company without meeting their obligations under the FDCPA, you can submit a complaint with the CFPB online or by calling ( 855 ) 411-CFPB ( 2372 )."
8856,Money transfer or service,"Cashapp has deactivated my account saying I violated there terms. I reached out to them by text, email, and phone and they say they can not specify what activity occurred causing the deactivation. Ive had my account for years I use it to pay bills and send and recieve money I told them I need to know what the violated activity was that caused the deactivation because my concern is could I have been hacked, scammed, a XXXX XXXX XXXX XXXX if so I need to know so I could take further action. They would not help in any way all they said was I was deactivated do to activity linked to my account. Well what activity .. no answer they couldn't nor wouldn't tell me."
8872,Mortgage,"Hello I wanted to report a federal violation regarding PHH Mortgage services /XXXX. PHH has stolen {$23000.00} from XXXX XXXX XXXX XXXX  claiming they never received it. They also incurred charges onto the account illegally after the homeowners passing, not knowing the son lived ( s ) in the home. In XX/XX/XXXX, XXXX illegally charged account # XXXX a {$10000.00} fee and numerous hefty charges every month thereafter. XX/XX/XXXX, XXXX started double billing the account, when learned of the sons deed of transfer on the house. The account was not even negative in XX/XX/XXXX, and they have illegally sent the account into foreclosure proceedings against numerous federal statutes and violations. 

Thank you."
8877,Credit reporting,"The company provided documentation ; however, the information being reported is inaccurate. The account references bankruptcy-related status, but I have never filed for bankruptcy. This is incorrect and misleading information being reported on my credit file. Additionally, this account dates back to 2017 and is near or beyond the allowable reporting period. I am requesting that this account be fully investigated and either corrected to reflect accurate information or removed entirely from all credit reporting agencies, including XXXX XXXX, and XXXX. I also request written confirmation once this issue has been resolved."
8878,Money transfer or service,"my paypal account was blocked on XXXXXXXX XXXX for 120 days. on XX/XX/year> I received a letter saying my money was available, but I couldn't withdraw it.I just want to get my monry back, it '' s being held illegaly."
8905,Credit reporting,"On XXXX. My aged debt was Reported as delinquent. ( Amount XXXX ) Date my old debt was reported was XX/XX/year>. Statute of Limitation has passed. It seems the new collection agency re-aged my account, which means they changed the date that the account first went delinquent, making the debt appear newer. This is a violation of the Fair Credit Reporting Act."
8908,Mortgage,"On XX/XX/2021 I completed a refinance on my home and had the original loan paid off by the new lender. XXXX XXXX XXXX, and the servicer, Dovenmuehle Mortgage , Inc. erroneously withdrew a mortgage payment for the amount of {$1500.00} on XX/XX/2021, despite no longer holding the note on the loan. When contacted on the XXXX of XXXX, 2021, I was informed it could take up to two weeks to return the money that was taken from my account in error. This is completely unacceptable and both institutions deserve sanctions."
8910,Consumer loan,"I have my private loans consolidated to the lowest amount that Sallie Mae, the lending service that issued my private loans for school, however it is still an amount that I can not sustain with the job I have now. The amount that I pay each month is solely to pay off the interest ; none of my payments go toward the balance that I owe. This, along with paying rent for my apartment ( which is a lower amount than I owe Sallie Mae ), has become unsustainable financially. I pay {$740.00} a month to Sallie Mae. My rent is {$700.00}. I have to work XXXX XXXX XXXX  jobs that are hardly above XXXX XXXX  in my state to keep lenders from badgering my co-signer. I would like to know if it is possible to lower the amount I owe Sallie Mae each month. The loans have already gone through a period of forbearance and according to them, through direct conversation, this is the lowest they can bring the total down. It is not enough when taking into my financial limitations."
8913,Credit reporting,I have disputed these accounts before with Experian and they have not sent me any information as to how these accounts were verified as mine. I have sent them numerous documents to show that these accounts are inaccurately being reported on my credit reports.
8921,Credit card,"On Thursday, XX/XX/year> I recieved a new Citi XXXX XXXX credit card. I was going to use this to replace a XXXX XXXX card that I have had for a long time. I put the card on my XXXX to use XXXX XXXX. I used the card for a few days with no issue. Then on Sunday, XX/XX/year> I tried to use my card with XXXX XXXX to make a charitable donation to the XXXX XXXX XXXX of over {$500.00} and it was declined. I appreciated the fraud control and called Citi on Sunday. Verified it was a legitimate purchase and was told to try again. I tried again with XXXX XXXX and it was again denied. At this point I just used my physical card and typed the number. This was frustrating as I set the card up through the Citi app. The next day, my wife tried to use the card at the XXXX XXXX and was denied. When I called again, I was told my card was on hold for review and that I wouldnt be able to use until I receive a letter in the mail that contains a code that I need to call back in with. While I can appreciate fraud controls to protect both Citi and myself, this seems to be overdone. I will likely close my account, and would have already, but was told I cant close the account until I have that letter!! Its unfortunate as I was looking forward to their rewards, but this is not worth the hassle. Ive been on the phone with Citi more in one week than I was with XXXX XXXX in the last 10 years."
8954,Bank account or service,"XX/XX/XXXX at XXXXXXXX XXXX mountain time I get 2 notices from Bank of America via email about my email and phone number violating XXXX XXXX. I then contact BOA on their mobile app and the operator simply says on chat that I have to update and re-enroll. It fails, and I have screenshots of this transaction. She then looks into it further about my discrepancy in email and directs me to call their fraud line. The fraud line finally picks up and the woman explaining then says "" a quoted deposit '' based termination. Basically BOA is going to terminate my relationship for what, I really don't know. Part of this has me thinking there are 2 main factors. 1 ) I had someone steal my identity and attempt multiple account openings, to which XXXX notified me first. 2 ) I made a complaint on XXXX at a recent XXXX, FL location about XXXX. I suspect this is retaliation. However, I really can't be sure because no one is willing to give me the details. On the same call, the woman explaining the account terminations of my checking AND savings states that I should call back in 24 hours and will no longer have access. In addition, she iterated the line is being recorded and she's aware that I will be making a complaint. I've read on multiple online postings of similar random BOA errors and close outs. I'm uploading the police and FTC reports of proof of identity fraud issues. BOA has also been notified at XXXX with a running thread notifying them of these issues."
8959,Consumer loan,Was paying XXXX and Navient $ XXXX+ faithfully every month. I went through a financial hardship and called in several times to see if I could get the monthly amount decreased. XXXX and Navient told me that they could not grant that request and that I would have needed to reach out to another financial institution such as my bank to see if they could possibly refinance it with a lower interest rate.
8968,Bank account or service,"first time in XXXX someone opened 3 accounts under my name at Marcus Goldman Sachs and was able to take close to $ XXXX from my XXXX account. XXXX refunded me. 
Marcus is still investigating. 

Second time and Biggest problem is that although Marcus has been investigating and knows about these fraudulent accounts under my name since XX/XX/year>, they allowed and additional account to be opened again under my Name in XX/XX/year> but different address. I never had any accounts opened with my permission at Marcus Goldman Sachs and I demand that none shall ever be open without proper ID verification."
8974,Mortgage,"Can you tell me if I need to write a letter to my bank to request the PMI payments no longer be required? I passed the Scheduled XXXX % LTV Date on XXXX/XXXX/2014, however they are still billing me for PMI premiums in my mortgage payments."
8976,Credit reporting,"I paid in full, or so I thought, the balance of my student loan around 8 years ago. I do not have bank records from that long ago but the student loan provider XXXX has now reported late payments supposedly due to them after the Covid forebearance, as being 120 days late which has now tanked my credit score. I have not given this loan any thought since I had thought it was paid in full years ago, and was now surprised to find out it supposedly had a small balance due of around {$110.00}. When I found out I immediately paid it off in full, but the supposed late payments will be on my credit reports for 7 years. I called XXXX to discuss it and they said there is nothing they can do. I also called the Studentloan.gov number directly 2 times with no success. But yet they can not give me any sort of statement which indicates where the small amount comes from or how it was calculated. I find that very questionable. How can they report my loan as delinquent, but can't back up the balance due? That is all I am asking."
8982,Bank account or service,"SUBJECT : DENIAL OF {$400.00} PROMOTIONAL BONUS ACCOUNT OPENING ERROR EXECUTIVE SUMMARY : I am filing this complaint because Wells Fargo has failed to honor a {$400.00} checking account opening promotional bonus ( Offer Code : XXXX ) despite my full compliance with the promotional terms. This is a direct result of a processing error by branch staff and a subsequent refusal to provide a resolution. CHRONOLOGY OF EVENTS : XX/XX/year> : I opened an Everyday Checking account in person at the XXXX XXXX XXXX ( XXXX, TN ). I presented the {$400.00} offer code ( XXXX ) that I received via e-mail ( attached for your reference ) to Personal Banker XXXX XXXX XXXX. She helped me open my account, verbally confirmed the code was applied, and that I was "" all set. '' QUALIFICATION : I fulfilled the requirement of depositing $ XXXX in qualifying direct deposits within 90 days. I have attached proof of meeting the requirements ( Qualifying direct deposits ). INITIAL DISPUTES : After the bonus failed to post, I opened XXXX support tickets : XXXX and XXXX. Customer service stated the bonus was denied because the banker failed to enter the code during account opening and directed me back to the branch. XX/XX/year> : I returned to the branch to meet XXXX XXXX. She verbally acknowdged that she remebered me and she remembered applying the offer code to my account thus confirming the validity of my claim. However, she claimed that she was busy helping other customers at the time and she instructed me to email her the details to "" sort it out. '' PROFESSIONAL NEGLIGENCE : I sent her that e-mail with all the details ( attached here for your reference ) on XX/XX/XXXX and followed up again on XX/XX/year>. I also attempted to contact her official phone number but never actually reached her. XXXX XXXX has ceased all communication and failed to provide the promised resolution."
8983,Mortgage,"I have been submitting documents to the bank and they keep adding to the required list but not allowing more time to complete the documents list and pass audit. They gave me time to submit documents, but every time I call the need additional documents. There is a foreclosure sale date of XXXX and they keep adding to the list of documents, letters of explanation while my short sale seller documents and hardship have been validated previously. I feel they are fast tracking me to foreclosure. When I call they tell me that even though I am being review for foreclosure alternatives, they will continue with the foreclosure sale date. I consider this dual tracking and extremely unfair business practices and in violation of CFBP rules. Is there some way to ecourage them to continue with the short sale offer review. They have been sitting on the offer since, XXXX, almost a month. Please help."
8988,Credit reporting,"On XX/XX/year>, I discovered an unauthorized collection account from ZIONS DEBT HOLDINGS on my XXXX credit report ( Account # XXXX ). I have never received any written correspondence, validation notice, or phone call from this company regarding this alleged debt of {$370.00}. 

The report lists the original creditor as "" XXXX '' and the loan type as "" FACTORING COMPANY ACCOUNT, '' which I do not recognize. I have maintained an XXXX credit score for over a decade and have no outstanding unpaid obligations. This company failed to provide me with a XXXX validation period before reporting this to the credit bureaus, which is a violation of the FDCPA. 

I have already initiated a dispute with XXXX. I am filing this complaint because the company is reporting unverified and unknown information that is damaging my credit profile. I demand that the company provide full validation of this debt, including the original signed contract and itemized statement of charges, or immediately delete the entry from my credit report."
8989,Credit card,I have a credit card from wells Fargo that I have no knowledge about. I have never opened a card this bank. It reports on my credit report that it was opened I. XXXX of 2026. I called Wells Fargo several times but they keep putting me to different departments with no resolution. I even tried to talk to their fraud department and they said they cant do anything unless I provide them the full card number.
8990,Credit reporting,"Request for Removal of Past Due Payments for XXXX XXXX Due to XXXX Illness I have a couple Past due payments reported on my credit report during the Covid National Emergency ( pandemic declared between XX/XX/XXXX and XX/XX/XXXX ). 

I understand that I'm protected under the CARES Act. 

I formally requested their consideration for the removal of late payments reported on my Credit Report ( for all three Bureaus ) due to an unforeseen and serious medical situation related to XXXX. 

In XX/XX/XXXX, I became seriously ill with XXXX, which required months of XXXX  the summer of XXXX and winter XXXX and left me unable to manage my financial responsibilities during that time. Due to my illness, I was XXXX  and XXXX  unable to handle the usual tasks of paying bills and managing my mortgage payments. These past due payments were reported for the months of XX/XX/XXXX, XX/XX/XXXX, XX/XX/XXXX AND XX/XX/XXXX, XX/XX/XXXX, XX/XX/XXXX for which I was granted a forbearance plan until I was able to get back on track and continue paying my bills on time ever since."
8991,Mortgage,"I have had the mortgage on my home for 18+ years. My mortgage was sold to SPS with a balance of {$80000.00} and still owe {$77000.00} and have no equity in my home. When I contacted SPS servicing, they didn't understand what my concern was and were of no help. 

I am a XXXX XXXX XXXX female that is XXXX American and I feel that my mortgage company is taking advantage of me because of my race and my age. 

There is no way that I am paying on a Mortgage for as long as I have and only have {$2000.00} in equity. When I did speak to someone at SPS, they told me my mortgage would be paid off in the year XXXX. How is this even possible when I only did a 30 year mortgage in XXXX??? 

I need someone to assist in finding out what this company is doing with my money every month"
8993,Mortgage,I have been paying town taxes out of pocket since XXXX. Never a late payment. XXXX XXXX will confirm this. I accidentally wrote my tax check wrong for XXXX cents off which triggered a delinquent payment. Roundpoint mortgage since forced escrow on my mortgage driving my payment up XXXX per month over XXXX cents. They will not work with me! I have an XXXX credit score and this was purely a mistake. Please help me. The mortgage company is a complete scam. Thank you
8995,Consumer loan,"Hello, Contacted XXXX XXXX XXXX XXXX XXXX   after experiencing multiple problems with a car purchased just shy of a year ago. The warranty was purchased as an extended warranty, to cover the cost of anything that could go wrong. What happened is one day my car started and the screen that displays radio, air conditioning, and back up camera did not work. I called to see what to do and XXXX XXXX told me to take to a dealership for diagnostics. After being diagnosed, my car needed a new battery harness, which connects to the computer of my car. Due to a malfunction within the cable itself. This may have caused signal to go out to the radio module. XXXX XXXX declined completing the work order and referred me back to carvana. Carvana then told me they would take care of me and not to worry, they just needed the complete diagnostics from XXXX. After connecting with them apparently they decided they are unable to fix this. Its outrageous. During multiple times not only did XXXX XXXX tell me they would fix it due to the items not being on an exclusions list so did carvana. 


Attachments ; photo from Wesite stating what XXXX XXXX entails ; photo of exclusions from extended warranty, photo of email denying coverage."
8997,Money transfer or service,"Good day, Hi im using my paypal account XXXX to received payment from my client to my business, when i open my email address tuesday XX/XX/2023 i received a message from paypal stating that "" You can no longer do business with PayPal ( Ref ID - XXXX ) '' Paypal permanent limit my account without any explanation, i follow all rules and terms and condition on paypal agreement i use my paypal account only in my business i did not do anything wrong with my paypal, i really need my account for my business because this is the only one i use to received payment from my client, can you please help me to resolve this problem can you please help me to lift the limitation of my account and back to normal please help me. 

Thank you Very much!"
8999,Consumer loan,"I used Affirm to finance a purchase from XXXX ( XXXX # XXXX ) for a desk totaling {$130.00}. The item was delayed beyond the XXXX shipping window, and a documented chat transcript from XXXX customer support ( Ticket ID : XXXX ) shows that I was explicitly promised a 40 % refund after delivery to compensate for the delay. I followed instructions, waited until delivery ( XX/XX/XXXX ), then contacted XXXX to fulfill the promised refund. 

XXXX later reversed their position, claiming they couldnt honor the refund due to the item being sold by a third-partyeven though it was XXXX own agent who made the compensation promise. I have full screenshots proving this. 

I filed a dispute with Affirm and submitted all evidence. Despite this, Affirm ruled in favor of XXXX without properly addressing the documented proof or providing any explanation of the merchants policies or their own decision-making process. I requested details on the decision and refund policies, but did not receive a proper response. 

This feels like a failure by Affirm to protect consumers from unfair treatment by large merchants. Affirm continues to expect payment for a product that I would not have financed had I known the refund promise would be revoked after the fact. I want Affirm to either : A. Hold XXXX accountable for the promised refund, or B. Cancel my remaining payment obligation since this was a broken agreement initiated by the seller 's platform."
